audit_id,example_id,source_code,article_number,article_id,article_key,origin,input_text,audit_label,audit_notes
WEAKNEG_0001,article_neg_00061,Code de commerce,R711-70,LEGIARTI000039471845,article_id::legiarti000039471845,low_clean_candidate_not_in_gold,"I-Les services de CCI France, des chambres de commerce et d'industrie de région et des chambres de commerce et d'industrie territoriales sont dirigés par un directeur général, placé sous l'autorité du président de la chambre. Les services des chambres de commerce et d'industrie départementales d'Ile-de-France ou des chambres de commerce et d'industrie locales sont dirigés par un directeur général délégué, placé sous l'autorité du directeur général de la chambre de commerce et d'industrie de région, en liaison fonctionnelle avec le président de la chambre de commerce et d'industrie départementale ou locale concernée. Le directeur général ou le directeur général délégué assure, notamment, le secrétariat général de l'assemblée générale, du bureau, des commissions et, en ce qui concerne CCI France, du comité directeur. Dans le cadre des orientations définies par la chambre, et dans le respect de son règlement intérieur, le directeur général ou le directeur général délégué est chargé de l'animation de l'ensemble des services ainsi que du suivi de leurs activités, de la réalisation de leurs objectifs et du contrôle de leurs résultats dont il rend compte au président. Le directeur général ou le directeur général délégué assiste les membres élus dans l'exercice de leurs fonctions. A ce titre, il informe les élus des conditions de régularité dans lesquelles les décisions doivent être prises. Il a la charge de leur mise en œuvre et contrôle la régularité de toutes les opérations correspondantes. Le directeur général ou le directeur général délégué est astreint au devoir de réserve et, dans l'exercice de ses fonctions, au respect du principe de neutralité. Les directeurs généraux de chambre de commerce et d'industrie de région et de CCI France sont chargés de veiller à la sécurité et à la protection de la santé du personnel placé sous leur autorité. Ils s'assurent du respect des règles d'hygiène et de sécurité. Les directeurs généraux de chambre de commerce et d'industrie de région peuvent déléguer aux directeurs généraux de chambre de commerce et d'industrie territoriales ou aux directeurs généraux délégués, leurs pouvoirs en matière d'hygiène et de sécurité. Les délégataires peuvent eux-mêmes subdéléguer ces pouvoirs à des personnes disposant de la compétence, de l'autorité et des moyens nécessaires à l'exercice des responsabilités concernées. La subdélégation s'effectue à un niveau de responsabilité permettant une autonomie décisionnelle suffisante en matière d'hygiène et de sécurité. En cas de vacance du poste de directeur général, et dans l'attente du remplacement effectif, le président de la chambre de commerce et d'industrie de région peut nommer par intérim un collaborateur de sa chambre pour assurer ces fonctions. La durée totale de cet intérim, renouvellement éventuel compris, ne peut pas excéder un an. Dans ce cas, l'avis du président de CCI France n'est pas requis et le directeur général par intérim ne bénéficie pas, le cas échéant, des dispositions particulières prévues en application du 6° de l'article L. 711-16. Un directeur général peut, si les circonstances le justifient, exercer ses fonctions à la fois dans une chambre de commerce et d'industrie de région et une chambre de commerce et d'industrie territoriale ou dans plusieurs chambres de commerce et d'industrie territoriales rattachées à une même chambre de commerce et d'industrie de région. II-La nomination ou la rupture, à l'initiative de l'employeur, de la relation de travail d'un directeur général interviennent : 1° Pour CCI France, sur décision du président, après consultation du bureau ; 2° Pour une chambre de commerce et d'industrie de région, sur décision du président, après consultation du bureau et avis du président de CCI France ; 3° Pour une chambre de commerce et d'industrie territoriale : a) S'agissant de la nomination, sur décision de son président, après consultation du bureau, sur avis conforme du président de la chambre de commerce et d'industrie de région, et avis du président de CCI France ; b) S'agissant de la rupture de la relation de travail, sur proposition motivée de son président, après consultation du bureau, sur avis du président de CCI France, par décision du président de la chambre de commerce et d'industrie de région. III.-Le président de la chambre de commerce et d'industrie de région adresse la demande d'avis au président de CCI France, par écrit, accompagnée : 1° S'agissant d'une nomination : des coordonnées et du profil du candidat retenu, ainsi que les éléments essentiels de la relation de travail proposée, notamment en termes de rémunération ; 2° S'agissant d'une rupture de la relation de travail : des motifs la justifiant et des conditions d'indemnisation de l'intéressé. Dans un délai de quinze jours ouvrés à compter de la réception de cette demande, le président de CCI France communique, par écrit, son avis motivé au président de la chambre de région, après, le cas échéant, un entretien avec l'intéressé. Toute demande de précisions interrompt le délai. A compter de l'expiration de ce délai, l'avis est réputé acquis.",,
WEAKNEG_0002,article_neg_00164,"Code général des impôts, annexe II",275 G,LEGIARTI000006294715,article_id::legiarti000006294715,low_clean_candidate_not_in_gold,Est considéré comme tabac à priser le tabac en poudre ou en grains spécialement préparé pour être prisé mais non fumé.,,
WEAKNEG_0003,article_neg_00258,Code général des impôts,223 WC quater,LEGIARTI000048804019,article_id::legiarti000048804019,low_clean_candidate_not_in_gold,"Conformément au A du IV de l'article 33 de la loi n° 2023-1322 du 29 décembre 2023, ces dispositions s'appliquent aux exercices ouverts à compter du 31 décembre 2023. Lorsqu'un impôt complémentaire additionnel est affecté à une entité constitutive en application de la présente sous-section et des articles 223 WB ter et 223 WB quater, cette entité est considérée comme une entité constitutive faiblement imposée pour l'application des sous-sections 2 et 3 de la section V.",,
WEAKNEG_0004,article_neg_00263,Code général des impôts,223 WP,LEGIARTI000048804100,article_id::legiarti000048804100,low_clean_candidate_not_in_gold,"Conformément au A du IV de l'article 33 de la loi n° 2023-1322 du 29 décembre 2023, ces dispositions s'appliquent aux exercices ouverts à compter du 31 décembre 2023. Pour l'application de la présente sous-section, est entendu par : 1° Groupes d'entreprises multinationales ou groupes nationaux à entités mères multiples : les groupes dont les entités mères ultimes ont conclu un accord de jumelage d'actions ou un accord de double cotation et dont au moins une entité ou un établissement stable n'est pas situé dans le même Etat ou territoire que les autres entités ; 2° Accord de jumelage d'actions : un accord conclu par plusieurs entités mères ultimes de groupes distincts qui remplissent les conditions cumulatives suivantes : a) Si les entités mères ultimes des groupes distincts sont cotées en bourse, au moins 50 % des titres émis par ces entités sont émis à un prix unique et ne peuvent être transférés ou négociés indépendamment les uns des autres ; b) L'une des entités mères ultimes établit des états financiers consolidés réunissant les actifs, les passifs, les recettes, les dépenses et les flux de trésorerie de l'ensemble des entités des groupes concernés comme les éléments d'une entité économique unique. Ces états financiers consolidés sont certifiés conformément à la réglementation comptable en vigueur ; 3° Accord de double cotation : un accord conclu par plusieurs entités mères ultimes de groupes distincts qui remplissent les conditions cumulatives suivantes : a) Les entités mères ultimes conviennent contractuellement de regrouper leurs activités ; b) Les entités mères ultimes exercent leurs activités comme si elles constituaient une entité économique unique ; c) Les entités mères ultimes effectuent des distributions de dividendes ou, en cas de liquidation, des répartitions d'actifs sur la base d'un ratio déterminé contractuellement ; d) Les titres émis par les entités mères ultimes parties à l'accord sont cotés, négociés ou transférés de façon indépendante sur différents marchés financiers ; e) Les entités mères ultimes établissent des états financiers consolidés réunissant les actifs, les passifs, les recettes, les dépenses et les flux de trésorerie de l'ensemble des entités des groupes concernés comme les éléments d'une seule et même entité économique. Ces états financiers consolidés sont certifiés conformément à la réglementation comptable en vigueur.",,
WEAKNEG_0005,article_neg_00332,Code général des impôts,205 B,LEGIARTI000044978626,article_id::legiarti000044978626,low_clean_candidate_not_in_gold,"Conformément au A du II de l'article 45 de la loi n° 2019-1479 du 28 décembre 2019, ces dispositions s'appliquent aux exercices ouverts à compter du 1er janvier 2020. I.-Pour l'application du présent article et des articles 205 C et 205 D, est entendu par : 1° Dispositif hybride : une situation dans laquelle : a) Un paiement effectué au titre d'un instrument financier donne lieu à une charge déductible dans l'Etat de résidence du débiteur sans être inclus dans les revenus imposables dans l'Etat de résidence du bénéficiaire, lorsque cet effet d'asymétrie est imputable aux différences de qualification fiscale de l'instrument ou du paiement lui-même ; b) Un paiement en faveur d'une entité hybride donne lieu à une charge déductible dans l'Etat de résidence du débiteur sans être inclus dans les revenus imposables dans l'Etat de résidence de l'entité hybride, lorsque cet effet d'asymétrie est imputable aux différences dans l'attribution des paiements versés à l'entité hybride en application des règles de l'Etat de résidence de l'entité hybride et des règles de l'Etat de résidence de toute personne détentrice d'une participation dans cette entité hybride ; c) Un paiement en faveur d'une entité disposant d'un ou de plusieurs établissements donne lieu à une charge déductible dans l'Etat de résidence du débiteur sans être inclus dans les revenus imposables de cette entité, lorsque cet effet d'asymétrie est imputable aux différences dans l'attribution des paiements entre le siège et l'établissement ou entre deux ou plusieurs établissements de la même entité en application des règles des Etats dans lesquels l'entité exerce ses activités ; d) Un paiement en faveur d'un établissement donne lieu à une charge déductible dans l'Etat de résidence du débiteur sans être inclus dans les revenus imposables de cet établissement dans un autre Etat du fait de la non prise en compte de cet établissement par cet autre Etat ; e) Un paiement effectué par une entité hybride donne lieu à une charge déductible dans son Etat de résidence sans être inclus dans les revenus imposables du bénéficiaire, lorsque cet effet d'asymétrie est imputable à la non prise en compte du paiement par l'Etat de résidence du bénéficiaire ; f) Un paiement réputé effectué entre un établissement et son siège ou entre deux ou plusieurs établissements donne lieu à une charge déductible dans l'Etat où est situé cet établissement sans être inclus dans les revenus imposables du bénéficiaire, lorsque cet effet d'asymétrie est imputable à la non prise en compte du paiement par l'Etat de résidence du bénéficiaire ; g) Ou une double déduction se produit ; 2° Paiement : tout droit à un transfert de valeur associé à un montant susceptible d'être payé ; 3° Personne : une personne physique ou une entité ; 4° Résidence : lieu où une personne est considérée comme ayant son siège ou son domicile fiscal ; 5° Débiteur : une personne qui est tenue d'effectuer un paiement au sens du 2° ; 6° Investisseur : toute personne autre que le débiteur qui bénéficie d'une déduction afférente à un dispositif hybride mentionné au g du 1° ; 7° Établissement : une entreprise exploitée en France au sens du I de l'article 209 ou un établissement au sens de la législation applicable dans l'Etat dans lequel il est situé ou dans celui du siège de l'entité dont il dépend ou un établissement stable au sens des conventions internationales relatives aux doubles impositions ; 8° Inclusion : la prise en compte d'un paiement dans le revenu imposable du bénéficiaire en application des règles de son Etat de résidence. Toutefois, pour l'application du a du 1° du présent I, un paiement est considéré comme inclus dans les revenus imposables du bénéficiaire : a) S'il n'a pas ouvert droit en application des règles de l'Etat de résidence de ce bénéficiaire à une exonération, une réduction du taux d'imposition ou un crédit ou remboursement d'impôt, autre qu'un crédit d'impôt au titre d'une retenue à la source, en raison de la nature de ce paiement ; b) Et si cette inclusion a lieu au titre d'un exercice qui commence dans les vingt-quatre mois suivant la fin de l'exercice au titre duquel la charge a été déduite ; 9° Double déduction : une déduction du même paiement, des mêmes dépenses ou des mêmes pertes dans l'Etat de résidence du débiteur et dans un autre Etat. Dans le cas d'un paiement par une entité hybride ou un établissement, l'Etat de résidence du débiteur est celui dans lequel l'entité hybride ou l'établissement est établi ou situé ; 10° Effet d'asymétrie : une déduction d'un paiement sans inclusion correspondante dans les revenus du bénéficiaire de ce paiement ou une double déduction ; 11° Entité hybride : toute entité ou tout dispositif qui est considéré comme une entité imposable par un Etat et dont les revenus ou les dépenses sont considérés comme les revenus ou les dépenses d'une ou de plusieurs autres personnes par un autre Etat ; 12° Instrument financier au sens du a du 1° : un instrument qui génère un rendement financier soumis, soit dans l'Etat de résidence du débiteur, soit dans l'Etat de résidence du bénéficiaire, aux règles fiscales applicables aux titres de dette, titres de participation ou instruments dérivés, y compris tout transfert hybride ; 13° Transfert hybride : un dispositif permettant de transférer un instrument financier lorsque le rendement sous-jacent de l'instrument financier transféré est considéré sur le plan fiscal comme obtenu simultanément par plusieurs des parties à ce dispositif ; 14° Dispositif structuré : un dispositif utilisant un dispositif hybride au sens du 1° et dont les termes intègrent la valorisation de l'effet d'asymétrie ou un dispositif qui a été conçu en vue de générer les mêmes conséquences qu'un dispositif hybride, lorsque le contribuable ne peut pas démontrer que lui-même ou une entreprise associée n'avaient pas connaissance du dispositif hybride et qu'ils n'ont pas bénéficié de l'avantage fiscal en découlant ; 15° Dispositif hybride inversé : un dispositif dans lequel une ou plusieurs entreprises associées détenant ensemble un intérêt direct ou indirect dans au moins 50 % du capital, des droits de vote ou des droits aux bénéfices d'une entité hybride constituée ou établie dans un Etat membre de l'Union européenne, sont établies dans un ou plusieurs Etats qui considèrent cette entité comme une personne imposable ; 16° Entreprise associée d'un contribuable : a) Une entité dans laquelle le contribuable détient directement ou indirectement une participation d'au moins 50 % des droits de vote ou du capital ou dont il est en droit de recevoir au moins 50 % des bénéfices ; b) Une personne qui détient directement ou indirectement une participation d'au moins 50 % des droits de vote ou du capital du contribuable, ou qui est en droit de recevoir au moins 50 % des bénéfices du contribuable ; c) Une entité dans laquelle une personne, qui détient directement ou indirectement une participation d'au moins 50 % des droits de vote ou du capital du contribuable, détient également une participation d'au moins 50 % des droits de vote ou du capital ; d) Ou une entité qui fait partie du même groupe consolidé que le contribuable au sens du 2° du VI de l'article 212 bis, une entreprise sur la gestion de laquelle le contribuable exerce une influence notable ou une entreprise qui exerce une influence notable sur la gestion du contribuable. Pour l'application des a, b et c du présent 16°, une personne qui agit conjointement avec une autre personne au titre des droits de vote ou de la propriété du capital d'une entité est considérée comme détenant une participation dans l'ensemble des droits de vote ou du capital de cette entité qui sont détenus par l'autre personne. Pour les dispositifs hybrides mentionnés aux a ou f du 1°, le seuil de 50 % mentionné aux a, b et c du présent 16° est remplacé par le seuil de 25 %. II.-1. N'est pas considéré comme un dispositif hybride au sens du a du 1° du I le transfert hybride réalisé par une personne dont l'activité professionnelle consiste à acheter ou à vendre régulièrement des instruments financiers pour son propre compte afin de réaliser des bénéfices, lorsque ce transfert est effectué dans le cadre de ses activités habituelles, hors le cas d'un dispositif structuré, et que les revenus perçus au titre de ce transfert sont inclus dans ses revenus imposables. 2. Ne sont pas considérées comme des dispositifs hybrides les situations mentionnées au 1° du I lorsque l'effet d'asymétrie ne survient pas, hors le cas d'un dispositif structuré, entre un contribuable et une entreprise associée, entre entreprises associées d'un même contribuable, entre le siège et un établissement ou entre deux ou plusieurs établissements de la même entité. III.-1. Lorsqu'un paiement effectué dans le cadre d'un dispositif hybride mentionné aux a à f du 1° du I donne lieu à : a) Une charge déductible de l'assiette de l'impôt sur les sociétés dans les conditions de droit commun, sans être inclus dans les résultats soumis à un impôt équivalent à l'impôt sur les sociétés dans l'Etat de résidence du bénéficiaire, cette charge n'est pas admise en déduction ; Pour l'application du premier alinéa du présent a, lorsqu'un paiement, effectué dans le cadre d'un dispositif hybride mentionné au a du 1° du I, n'a pas été inclus dans les résultats imposables du bénéficiaire à l'expiration du délai prévu au b du 8° du même I, la réintégration de la charge dans le résultat soumis à l'impôt sur les sociétés dans les conditions de droit commun est effectuée au titre du dernier exercice ayant commencé au cours des vingt-quatre mois suivant la fin de l'exercice au titre duquel cette charge a été initialement déduite ; b) Une charge déduite du résultat soumis à un impôt équivalent à l'impôt sur les sociétés dans l'Etat de résidence du débiteur, ce paiement est ajouté au résultat soumis à l'impôt sur les sociétés dans les conditions de droit commun. 2. En présence d'un dispositif hybride mentionné au g du 1° du I : a) La charge n'est pas admise en déduction des revenus de l'investisseur établi en France ; b) Lorsque l'investisseur est établi dans un autre Etat qui admet la déduction de la charge, celle-ci n'est pas admise en déduction des revenus du débiteur établi en France. Ces dispositions ne sont pas applicables lorsque la double déduction concerne un revenu soumis à double inclusion au titre du même exercice ou au titre d'un exercice qui commence dans les vingt-quatre mois suivant la fin de l'exercice au titre duquel la charge a été initialement déduite. Pour l'application des a et b du présent 2, la réintégration de la charge dans le résultat soumis à l'impôt sur les sociétés dans les conditions de droit commun est effectuée au titre du dernier exercice ayant commencé au cours des vingt-quatre mois suivant la fin de l'exercice au titre duquel cette charge a été initialement déduite. 3. Lorsqu'un paiement déductible du résultat imposable à l'impôt sur les sociétés en France compense un autre paiement afférent à un dispositif hybride, directement ou indirectement, par l'intermédiaire d'une transaction ou d'une série de transactions conclues entre des entreprises associées d'un même contribuable ou par l'intermédiaire d'un dispositif structuré, la déduction de la charge correspondant à ce premier paiement n'est pas admise. Toutefois, la charge reste admise en déduction si l'Etat de résidence d'une des entreprises concernées par la transaction ou la série de transactions a appliqué une disposition permettant de neutraliser les effets du dispositif hybride concerné. Lorsque cette neutralisation n'est que partielle, la déduction de la charge est admise à hauteur de la part du paiement qui a été neutralisée dans l'autre Etat. 4. Les revenus attribués à l'établissement d'une entité non pris en compte par l'Etat dans lequel il est situé du fait d'un dispositif hybride sont inclus dans le résultat soumis à l'impôt sur les sociétés de cette entité lorsqu'elle a son siège en France. Cette règle s'applique à moins que la France ne soit tenue d'exonérer les revenus en vertu d'une convention préventive de la double imposition conclue avec un pays tiers. 5. Lorsqu'un transfert hybride est conçu pour donner lieu à un allègement au titre des retenues à la source pour un paiement provenant d'un instrument financier transféré à plusieurs des parties concernées par ce transfert, le bénéfice de cet allègement est limité au prorata des revenus nets imposables liés à ce paiement.",,
WEAKNEG_0006,article_neg_00053,Code de commerce,L611-2-1,LEGIARTI000039280203,article_id::legiarti000039280203,low_clean_candidate_not_in_gold,"Conformément à l'article 36 de l'ordonnance n° 2019-964 du 18 septembre 2019, ces dispositions entrent en vigueur au 1er janvier 2020. Les dispositions du I de l'article L. 611-2 sont applicables, dans les mêmes conditions, aux personnes morales de droit privé et aux personnes physiques exerçant une activité professionnelle agricole ou indépendante, y compris une profession libérale soumise à un statut législatif ou réglementaire ou dont le titre est protégé. Pour l'application du présent article, le tribunal judiciaire est compétent et son président exerce les mêmes pouvoirs que ceux conférés au président du tribunal de commerce. Par exception, lorsque la personne physique ou morale concernée exerce la profession d'avocat, d'administrateur judiciaire, de mandataire judiciaire ou d'officier public ou ministériel, le président du tribunal judiciaire ne procède qu'à l'information de l'ordre professionnel ou de l'autorité compétente dont elle relève, sur les difficultés portées à sa connaissance relativement à la situation économique, sociale, financière et patrimoniale du professionnel.",,
WEAKNEG_0007,article_neg_00115,Code de commerce,L444-2,LEGIARTI000042779935,article_id::legiarti000042779935,low_clean_candidate_not_in_gold,"Les tarifs mentionnés à l'article L. 444-1 prennent en compte les coûts pertinents du service rendu et une rémunération raisonnable, définie sur la base de critères objectifs. Par dérogation au premier alinéa du présent article, peut être prévue une péréquation des tarifs applicables à l'ensemble des prestations servies. Cette péréquation peut notamment prévoir que les tarifs des prestations relatives à des biens ou des droits d'une valeur supérieure à un seuil fixé par l'arrêté conjoint prévu à l'article L. 444-3 soient fixés proportionnellement à la valeur du bien ou du droit. En application des deux premiers alinéas du présent article, l'arrêté conjoint mentionné au même article L. 444-3 fixe les tarifs sur la base d'un objectif de taux de résultat moyen, dont les modalités de détermination sont définies par un décret en Conseil d'Etat, et dont le montant est estimé globalement pour chaque profession pour l'ensemble des prestations tarifées en application de l'article L. 444-1. Des remises peuvent être consenties lorsqu'un tarif est déterminé proportionnellement à la valeur d'un bien ou d'un droit en application du deuxième alinéa du présent article et lorsque l'assiette de ce tarif est supérieure à un seuil défini par l'arrêté conjoint prévu à l'article L. 444-3. Le taux des remises octroyées par un professionnel est fixe, identique pour tous et compris dans des limites définies par voie réglementaire. Toutefois, pour certaines prestations et au-delà d'un montant d'émolument fixé par l'arrêté mentionné au même article L. 444-3, le professionnel et son client peuvent convenir du taux des remises.",,
WEAKNEG_0008,article_neg_00308,Code général des impôts,39 quindecies,LEGIARTI000036428314,article_id::legiarti000036428314,low_clean_candidate_not_in_gold,"Conformément à l'article 84 V A de la loi n° 2017-1837 du 30 décembre 2017, les dispositions du second alinéa du 2 du I s'appliquent aux exercices ouverts à compter du 1er janvier 2018. I. - 1. Sous réserve des dispositions des articles 41, 151 octies et 210 A à 210 C, le montant net des plus-values à long terme fait l'objet d'une imposition séparée au taux de 12,8 %. Il s'entend de l'excédent de ces plus-values sur les moins-values de même nature constatées au cours du même exercice. Toutefois, ce montant net n'est pas imposable lorsqu'il est utilisé à compenser le déficit d'exploitation de l'exercice. Le déficit ainsi annulé ne peut plus être reporté sur les bénéfices des exercices ultérieurs. Par dérogation aux dispositions qui précèdent, l'imposition de la plus-value nette à long terme réalisée à la suite de la perception d'indemnités d'assurances ou de l'expropriation d'immeubles figurant à l'actif est différée de deux ans. Toutefois, en cas de cessation d'activité, l'imposition de la plus-value dont il s'agit est immédiatement établie. 2. L'excédent éventuel des moins-values à long terme ne peut être imputé que sur les plus-values à long terme réalisées au cours des dix exercices suivants. En cas de liquidation d'entreprise, l'excédent des moins-values à long terme sur les plus-values à long terme peut être déduit du bénéfice de l'exercice de liquidation dans la limite du rapport existant entre le taux d'imposition des plus-values à long terme applicable à l'exercice de réalisation des moins-values et le taux normal prévu au deuxième alinéa du I de l'article 219 applicable à l'exercice de liquidation. II. - Abrogé.",,
WEAKNEG_0009,article_neg_00319,Code général des impôts,881 D,LEGIARTI000037990680,article_id::legiarti000037990680,low_clean_candidate_not_in_gold,"I. – Le tarif de la contribution de sécurité immobilière exigible pour les demandes de renseignements hypothécaires, quelles que soient leurs modalités de traitement, est fixé comme suit : 1° Réquisitions ne comportant pas la désignation des immeubles ou demandes complémentaires afférentes à ce type de réquisitions : 12 € par personne individuellement désignée dans la demande ; 2° Réquisitions formulées sans indication de personne ou demandes complémentaires afférentes à ce type de réquisitions : 12 € par immeuble indiqué. Est considéré comme immeuble chaque îlot de propriété ou parcelle cadastrale ou chaque lot de copropriété pour les biens faisant l'objet d'un état descriptif de division ou d'un document analogue ; 3° Réquisitions comportant à la fois la désignation individuelle des immeubles et des personnes ou demandes complémentaires afférentes à ce type de réquisitions : 12 € pour celles formulées du chef de trois personnes au maximum et portant sur cinq immeubles au maximum. Il est perçu en sus de ce tarif : a) 5 € par personne indiquée au-delà de la troisième ; b) 2 € par immeuble au-delà du cinquième. II. – Pour les réquisitions déposées en vue de la délivrance de renseignements sous forme de copies de fiches visées à l'article 43 du décret n° 55-1350 du 14 octobre 1955 modifié, il est fait application des tarifs définis aux 1° et 2° du I.",,
WEAKNEG_0010,article_neg_00285,Code général des impôts,298 sexdecies J,LEGIARTI000041404742,article_id::legiarti000041404742,low_clean_candidate_not_in_gold,"I.-L'exploitant d'un entrepôt ou d'une plateforme logistique de stockage de biens destinés à faire l'objet d'une livraison au sens du 1° du II de l'article 256 ou d'une opération assimilée mentionnée au III du même article 256 tient à la disposition de l'administration des informations relatives, notamment, à l'origine, la nature, la quantité et la détention des biens stockés ainsi qu'aux propriétaires de ces biens, lorsque les conditions suivantes sont remplies : 1° Les biens stockés sont destinés à faire l'objet d'une vente réalisée par l'entremise d'une plateforme de mise en relation par voie électronique ; 2° Les biens stockés ont fait l'objet d'une importation en France ou dans un autre Etat membre de l'Union européenne en provenance d'un pays tiers ou d'un territoire tiers à l'Union européenne ; 3° Les biens stockés sont la propriété d'un assujetti qui a établi le siège de son activité économique en dehors de l'Union européenne ou qui, à défaut d'un tel siège, a son domicile ou sa résidence habituelle en dehors de l'Union européenne ; 4° Les biens stockés n'ont pas fait l'objet d'une livraison au sens du 1° du II de l'article 256 ou d'une opération assimilée mentionnée au III du même article 256 depuis leur introduction en France. II.-Pour l'application des dispositions du I du présent article, est considérée comme plateforme l'entreprise, quel que soit son lieu d'établissement, qui met en relation à distance, par voie électronique, des personnes en vue de la vente d'un bien, de la fourniture d'un service ou de l'échange ou du partage d'un bien ou d'un service. III.-Les informations tenues à la disposition de l'administration mentionnées au premier alinéa du I sont fixées par arrêté du ministre chargé du budget. Ces informations sont conservées jusqu'au 31 décembre de la sixième année suivant celle durant laquelle a eu lieu l'opération d'importation. IV.-L'exploitant est tenu de faire toute diligence afin de s'assurer de l'identité des propriétaires des biens mentionnés au premier alinéa du I. Il informe par tous moyens ces propriétaires de leurs obligations en matière de taxe sur la valeur ajoutée en France.",,
WEAKNEG_0011,article_neg_00216,"Code général des impôts, annexe IV",30-0 B,LEGIARTI000045542274,article_id::legiarti000045542274,low_clean_candidate_not_in_gold,"Conformément à l'article 2 de l'arrêté du 18 mars 2022 (NOR : ECOE2207535A), ces dispositions entrent en vigueur le 1er juillet 2022. La liste des équipements spéciaux soumis au taux réduit de la taxe sur la valeur ajoutée en application du c du 2° du A de l'article 278-0 bis du code général des impôts est fixée comme suit : 1. Pour les handicapés moteurs : commandes adaptées pour le contrôle de l'environnement et la communication : au souffle, linguales, joysticks, défilement, contacteurs, casques et licornes ; appareils de communication à synthèse vocale et désigneurs ; cartes électroniques et logiciels spécifiques de communication ; claviers spéciaux pour ordinateurs et machines à écrire ; aides mécaniques ou électriques aux mouvements des bras, tourne-pages automatiques ; matériels de transfert : élévateurs et releveurs hydrauliques ou électriques, lève-personnes ; systèmes de douche et de bain incorporant les éléments indispensables à leur accessibilité par des handicapés, à l'exclusion des équipements médicaux ou à finalité thérapeutique ; lorsqu'ils ont une vitesse inférieure ou égale à dix kilomètres par heure : les fauteuils roulants et les scooters médicaux ; appareils modulaires de verticalisation ; appareils de soutien partiel de la tête ; casques de protection pour enfants handicapés ; 2. Pour aveugles et malvoyants : appareils ou objets à lecture, écriture ou reproduction de caractères ou signes en relief (braille) ; téléagrandisseurs et systèmes optiques télescopiques ; cartes électroniques et logiciels spécialisés ; 3. Pour sourds et malentendants : vibrateurs tactiles ; orthèses vibratoires (amplificateurs de voix) ; implants cochléaires ; logiciels spécifiques ; 4. Pour d'autres handicapés : filtres respiratoires et protections trachéales pour laryngectomisés ; appareils de photothérapie ; appareils de recueil de saignées ; 5. Pour l'ensemble des handicapés afin de faciliter la conduite ou l'accès des véhicules : siège orthopédique (siège pivotant, surélevé...) ; treuils, rampes et autres dispositifs pour l'accès des personnes handicapées en fauteuil roulant ; commande d'accélérateur à main (cercle, arc de cercle, secteur, manette, poignée tournante...) ; sélecteur de vitesses sur planche de bord ; modification de la position ou de la commande du frein principal ou du frein de secours ; modification de la position ou de la commande des commutateurs de feux, de clignotants, d'avertisseur sonore, d'essuie-glace ; dispositif de commande groupée (frein principal, accélérateur...) ; permutation ou modification de la position des pédales : pédales d'embrayage et de frein rapprochées ou communes, pédales surélevées, faux planchers ; modification de la colonne de direction ; dispositif de maintien du tronc par sangle ou par harnais ; dispositifs d'ancrage des fauteuils roulants à l'intérieur du véhicule ; 6. Pour l'ensemble des personnes en situation de handicap afin de faciliter la pratique d'une activité sportive : appareils et équipements de mobilité adaptés (luges, skis, bateaux de paravoile …) ; appareils et équipements fixes de pratique sportive adaptée (banc de musculation, home-trainer, siège de lancer athlétique, selle adaptée pour la pratique de l'équitation …) ; matériels de fixation (plaque de lancer, matériel de fixation d'escrime …) ; matériels d'assistance et de pratique sportive adaptés pour les personnes en situation de handicap moteur (flotteurs latéraux d'aviron, rampes de mise à cheval, massues d'athlétisme, filets de volley-ball assis …) ; matériels d'assistance et de pratique sportive adaptés pour les personnes ayant une déficience visuelle (sonorisation pour guidage, matériel de cecifoot …).",,
WEAKNEG_0012,article_neg_00402,Code général des impôts,223 WT quinquies,LEGIARTI000051215607,article_id::legiarti000051215607,low_clean_candidate_not_in_gold,"Conformément au II de l'article 53 de la loi n° 2025-127 du 14 février 2025, le A du I de l'article précité s'applique aux exercices clos à compter du 31 décembre 2024. Aux fins du présent paragraphe, la part du résultat qualifié d'une entité d'investissement ou d'une entité d'investissement d'assurance attribuable au groupe d'entreprises multinationales ou au groupe national est déterminée en appliquant le rapport défini au premier alinéa du II de l'article 223 WH ter et en tenant compte uniquement des participations qui ne font pas l'objet d'une des options mentionnées aux articles 223 WU et 223 WV bis.",,
WEAKNEG_0013,article_neg_00294,Code général des impôts,34,LEGIARTI000024188625,article_id::legiarti000024188625,low_clean_candidate_not_in_gold,"Modification effectuée en conséquence des articles 1er, 4 et 7 de l'ordonnance n° 2010-462 du 6 mai 2010. Sont considérés comme bénéfices industriels et commerciaux, pour l'application de l'impôt sur le revenu, les bénéfices réalisés par des personnes physiques et provenant de l'exercice d'une profession commerciale, industrielle ou artisanale. Il en est de même, dans les mêmes conditions, des bénéfices réalisés par les concessionnaires de mines, par les amodiataires et sous-amodiataires de concessions minières, par les titulaires de permis d'exploitation de mines et par les explorateurs de mines de pétrole et de gaz combustibles. Par exception aux dispositions du premier alinéa, sont classés dans la catégorie des salaires les revenus correspondant aux rémunérations dites "" à la part "" perçues au titre de leur travail personnel par les artisans pêcheurs, ainsi que, lorsqu'ils sont embarqués, par le ou les pêcheurs associés d'une société de pêche artisanale, telle que définie à l'article L. 931-2 du code rural et de la pêche maritime et soumise au régime d'imposition prévu à l'article 8.",,
WEAKNEG_0014,article_neg_00281,Code général des impôts,1518 A,LEGIARTI000041464657,article_id::legiarti000041464657,low_clean_candidate_not_in_gold,"Conformément au B du VII de l'article 16 de la loi n° 2019-1479 du 28 décembre 2019, les présentes dispositions s'appliquent à compter des impositions établies au titre de 2021. Les valeurs locatives qui servent à l'établissement des impôts locaux sont prises en compte à raison des deux tiers de leur montant pour les aéroports ainsi que pour les installations destinées à la lutte contre la pollution des eaux et de l'atmosphère faisant l'objet d'un amortissement exceptionnel au titre des articles 39 quinquies E et 39 quinquies F. A compter du 1er janvier 1991, les valeurs locatives des installations destinées à la lutte contre la pollution des eaux et de l'atmosphère visées au premier alinéa sont prises en compte à raison de la moitié de leur montant. Les valeurs locatives des matériels faisant l'objet de l'amortissement exceptionnel prévu à l'article 39 AB ou à l'article 39 quinquies DA sont prises en compte à raison de la moitié de leur montant lorsque ces matériels ont été acquis ou créés à compter du 1er janvier 1992. Pour les installations visées au premier alinéa et les matériels visés au troisième alinéa, acquis ou créés à compter du 1er janvier 2002, et qui sont éligibles à l'un des modes d'amortissement exceptionnel mentionnés aux alinéas précités, la condition relative à la comptabilisation de cet amortissement exceptionnel est supprimée pour l'application du présent article. Les communes et leurs groupements dotés d'une fiscalité propre peuvent, par une délibération de portée générale prise dans les conditions prévues à l'article 1639 A bis, porter à 100 % la réduction de la valeur locative des installations destinées à la lutte contre la pollution des eaux et de l'atmosphère définies au premier alinéa qui ont été achevées à compter du 1er janvier 1992 ainsi que celle des matériels visés au troisième alinéa. Les entreprises ne peuvent bénéficier de cette disposition qu'à la condition de déclarer chaque année, au service des impôts, les éléments d'imposition entrant dans le champ d'application de la réduction de 100 %.",,
WEAKNEG_0015,article_neg_00375,Code général des impôts,150 VB,LEGIARTI000051202577,article_id::legiarti000051202577,low_clean_candidate_not_in_gold,"Conformément au II de l'article 84 de la loi n° 2025-127 du 14 février 2025, le I de l'article précité s'applique aux cessions réalisées à compter du lendemain de la promulgation de la présente loi. I. – Le prix d'acquisition est le prix effectivement acquitté par le cédant, tel qu'il est stipulé dans l'acte, étant précisé que ce prix s'entend de l'existant et des travaux dans le cas d'une acquisition réalisée selon le régime juridique de la vente d'immeuble à rénover. Lorsqu'une dissimulation du prix est établie, le prix porté dans l'acte doit être majoré du montant de cette dissimulation. En cas d'acquisition à titre gratuit, le prix d'acquisition s'entend de la valeur retenue pour la détermination des droits de mutation à titre gratuit. A défaut, selon le cas, de prix stipulé dans l'acte ou de valeur retenue pour la détermination des droits de mutation à titre gratuit, le prix d'acquisition s'entend de la valeur vénale réelle à la date d'entrée dans le patrimoine du cédant d'après une déclaration détaillée et estimative des parties. Lorsqu'un bien a été acquis moyennant le paiement d'une rente viagère, le prix d'acquisition retenu pour ce bien est la valeur en capital de la rente, à l'exclusion des intérêts. En cas de vente ultérieure de titres reçus à l'occasion d'une opération mentionnée à l'article 150-0 B, au quatrième alinéa de l'article 150 A bis en vigueur avant la date de promulgation de la loi de finances pour 2004 (n° 2003-1311 du 30 décembre 2003) ou au II de l'article 150 UB, la plus-value imposable en application du I de l'article 150 UB est calculée par référence, le cas échéant, au prix ou à la valeur d'acquisition des titres échangés, diminué du montant de la soulte reçue, qui n'a pas fait l'objet d'une imposition au titre de l'année de l'échange, ou majoré de la soulte versée lors de cet échange. En cas de cession d'un bien ou d'un droit mentionné aux articles 150 U à 150 UD, dont le droit de propriété est démembré à la suite d'une succession intervenue avant le 1er janvier 2004, le prix d'acquisition est déterminé en appliquant le barème prévu à l'article 669, apprécié à la date de la cession. En cas de cession d'un bien ou droit mentionné aux articles 150 U à 150 UC par une fiducie, le prix d'acquisition est égal au prix d'acquisition de ce bien ou droit par la fiducie, ou, lorsqu'il s'agit d'un bien ou droit transféré dans le patrimoine fiduciaire dans les conditions de l'article 238 quater N, au prix ou à la valeur d'acquisition de celui-ci par le constituant. En cas de cession d'un bien ou droit mentionné aux articles 150 U à 150 UC, reçu lors du transfert du patrimoine fiduciaire aux bénéficiaires à la fin de l'opération de fiducie, le prix d'acquisition est déterminé dans les conditions prévues, selon le cas, au 1° ou au 2° de l'article 238 quater Q. II. – Le prix d'acquisition est, sur justificatifs, majoré : 1° De toutes les charges et indemnités mentionnées au deuxième alinéa du I de l'article 683 ; 2° Des frais afférents à l'acquisition à titre gratuit définis par décret ; 3° Des frais afférents à l'acquisition à titre onéreux définis par décret, que le cédant peut fixer forfaitairement à 7, 5 % du prix d'acquisition dans le cas des immeubles à l'exception de ceux détenus directement ou indirectement par un fonds de placement immobilier mentionné à l'article 239 nonies ; 4° Des dépenses de construction, de reconstruction, d'agrandissement ou d'amélioration, supportées par le vendeur et réalisées par une entreprise depuis l'achèvement de l'immeuble ou son acquisition si elle est postérieure, lorsqu'elles n'ont pas été déjà prises en compte pour la détermination de l'impôt sur le revenu et qu'elles ne présentent pas le caractère de dépenses locatives. Lorsque le contribuable, qui cède un immeuble bâti plus de cinq ans après son acquisition, n'est pas en état d'apporter la justification de ces dépenses, une majoration égale à 15 % du prix d'acquisition est pratiquée. Cette majoration n'est pas applicable aux cessions d'immeubles détenus directement ou indirectement par un fonds de placement immobilier mentionné à l'article 239 nonies ; 5° Des frais de voirie, réseaux et distribution en ce qui concerne les terrains à bâtir ; 6° Des frais acquittés pour la restauration et la remise en état des biens meubles. III. – Le prix d'acquisition est minoré du montant des amortissements admis en déduction en application de l'article 39 C, à l'exception de ceux de ces amortissements constitutifs de dépenses prises en compte pour la détermination de l'impôt sur le revenu en application de la première phrase du 4° du II du présent article. Le premier alinéa du présent III n'est pas applicable aux biens ou aux droits relatifs à ces biens situés dans : 1° Une résidence mentionnée aux articles L. 631-12 ou L. 631-13 du code de la construction et de l'habitation destinée à l'accueil exclusif des étudiants, des personnes de moins de trente ans en formation ou en stage, des personnes titulaires d'un contrat de professionnalisation ou d'apprentissage ou des personnes âgées de plus de 65 ans ; 2° Un établissement mentionné aux 6° ou 7° du I de l'article L. 312-1 du code de l'action sociale et des familles, une résidence avec services pour personnes âgées ou handicapées ayant obtenu l'agrément prévu à l'article L. 7232-1 du code du travail ou l'autorisation prévue à l'article L. 313-1 du code de l'action sociale et des familles pour son service d'aide et d'accompagnement à domicile relevant des 6° ou 7° du I de l'article L. 312-1 du même code ou l'ensemble des logements affectés à l'accueil familial salarié de personnes âgées ou handicapées, prévu aux articles L. 444-1 à L. 444-9 dudit code, géré par un groupement de coopération sociale ou médico-sociale ; 3° Un établissement délivrant des soins de longue durée, mentionné à l'avant-dernier alinéa du I de l'article L. 6143-5 du code de la santé publique, et comportant un hébergement pour des personnes n'ayant pas leur autonomie de vie et dont l'état nécessite une surveillance médicale constante et des traitements d'entretien.",,
WEAKNEG_0016,article_neg_00398,Code général des impôts,200 quater C,LEGIARTI000051213129,article_id::legiarti000051213129,low_clean_candidate_not_in_gold,"1. Les contribuables domiciliés en France au sens de l'article 4 B peuvent bénéficier d'un crédit d'impôt sur le revenu au titre des dépenses effectivement supportées, entre le 1er janvier 2021 et le 31 décembre 2025, pour l'acquisition et la pose d'un système de charge pilotable pour véhicule électrique dans le logement dont ils sont propriétaires, locataires ou occupants à titre gratuit et qu'ils affectent à leur habitation principale et à leur résidence secondaire exclusivement, dans la limite d'une résidence secondaire par contribuable. 2. Les dépenses d'acquisition et de pose de systèmes de charge mentionnées au 1 du présent article n'ouvrent droit au crédit d'impôt que si elles sont facturées par l'entreprise : 1° Qui procède à la fourniture et à l'installation des systèmes de charge ; 2° Ou qui, pour l'installation des systèmes de charge qu'elle fournit ou pour la fourniture et l'installation de ces mêmes systèmes, recourt à une autre entreprise, dans le cadre d'un contrat de sous-traitance régi par la loi n° 75-1334 du 31 décembre 1975 relative à la sous-traitance. 3. Un arrêté conjoint des ministres chargés de l'énergie et du budget précise les caractéristiques techniques des systèmes de charge pilotable pour véhicule électrique requises pour l'application du crédit d'impôt. 4. Le crédit d'impôt s'applique pour le calcul de l'impôt dû au titre de l'année du paiement de la dépense par le contribuable. 5. Le crédit d'impôt est égal à 75 % du montant des dépenses mentionnées au 1, sans pouvoir dépasser 500 € par système de charge. 6. Le bénéfice du crédit d'impôt est limité, pour un même logement, à un seul système de charge pour une personne célibataire, veuve ou divorcée et à deux systèmes pour un couple soumis à imposition commune. 7. a. Les dépenses mentionnées au 1 s'entendent de celles figurant sur la facture de l'entreprise mentionnée au 2. b. Les dépenses mentionnées au 1 ouvrent droit au bénéfice du crédit d'impôt, sous réserve que le contribuable soit en mesure de présenter, à la demande de l'administration fiscale, la facture, autre que des factures d'acompte, de l'entreprise mentionnée au 2. Cette facture indique, outre les mentions prévues à l'article 289 : 1° Le lieu de réalisation des travaux ; 2° La nature de ces travaux ainsi que la désignation, le montant et, le cas échéant, les caractéristiques techniques mentionnées au 3 du présent article des systèmes de charge. c. Lorsque le bénéficiaire du crédit d'impôt n'est pas en mesure de produire une facture comportant les mentions prévues au b, il fait l'objet, au titre de l'année d'imputation et dans la limite du crédit d'impôt obtenu, d'une reprise égale au montant de l'avantage fiscal accordé à raison de la dépense non justifiée. 8. Un contribuable ne peut, pour une même dépense, bénéficier à la fois des dispositions du présent article et d'une déduction de charges pour la détermination de ses revenus catégoriels. 9. Le crédit d'impôt est imputé sur l'impôt sur le revenu après imputation des réductions d'impôt mentionnées aux articles 199 quater F à 200 bis, des crédits d'impôt et des prélèvements ou retenues non libératoires. S'il excède l'impôt dû, l'excédent est restitué. Lorsque le bénéficiaire du crédit d'impôt est remboursé dans un délai de cinq ans de tout ou partie du montant des dépenses qui ont ouvert droit à cet avantage, il fait, le cas échéant, l'objet, au titre de l'année de remboursement et dans la limite du crédit d'impôt obtenu, d'une reprise égale à la différence entre le montant de l'avantage fiscal initialement accordé et le montant de l'avantage fiscal déterminé en application des dispositions du 5 du présent article sur la base de la dépense finalement supportée par le contribuable. Toutefois, aucune reprise n'est pratiquée lorsque le remboursement fait suite à un sinistre survenu après que les dépenses ont été payées.",,
WEAKNEG_0017,article_neg_00394,Code général des impôts,150-0 D,LEGIARTI000051218045,article_id::legiarti000051218045,low_clean_candidate_not_in_gold,"Conformément au A du V de l'article 92 de la LOI n° 2025-127 du 14 février 2025 de finances pour 2025, ces dispositions s'appliquent aux bons de souscription de parts de créateurs d'entreprise et aux titres souscrits en exercice de ces bons lorsque la souscription des titres est intervenue à compter du 1er janvier 2025. 1. Les gains nets mentionnés au I de l'article 150-0 A sont constitués par la différence entre le prix effectif de cession des titres ou droits, net des frais et taxes acquittés par le cédant, et leur prix effectif d'acquisition par celui-ci diminué, le cas échéant, des réductions d'impôt effectivement obtenues dans les conditions prévues à l'article 199 terdecies-0 A, ou, en cas d'acquisition à titre gratuit, leur valeur retenue pour la détermination des droits de mutation. Les gains nets résultant de la cession à titre onéreux ou retirés du rachat d'actions, de parts de sociétés, de droits démembrés portant sur ces actions ou parts, ou de titres représentatifs de ces mêmes actions, parts ou droits, mentionnés à l'article 150-0 A, ainsi que les distributions mentionnées aux 7,7 bis et aux deux derniers alinéas du 8 du II du même article, à l'article 150-0 F et au 1 du II de l'article 163 quinquies C sont réduits d'un abattement déterminé dans les conditions prévues, selon le cas, au 1 ter ou au 1 quater du présent article. Le complément de prix prévu au 2 du I de l'article 150-0 A, afférent à la cession d'actions, de parts ou de droits mentionnés au deuxième alinéa du présent 1, est réduit de l'abattement prévu au même alinéa, quelle que soit la date à laquelle est intervenue la cession à laquelle il se rapporte, lorsque les conditions prévues, selon le cas, aux 1 ter ou 1 quater du présent article sont remplies. L'abattement précité ne s'applique pas à l'avantage mentionné à l'article 80 bis constaté à l'occasion de la levée d'options attribuées avant le 20 juin 2007, ni au reliquat du gain net imposable après application de l'abattement fixe prévu au 1 du I de l'article 150-0 D ter. 1 bis (Supprimé) 1 ter. A.-L'abattement mentionné au 1 est égal à : a) 50 % du montant des gains nets ou des distributions lorsque les actions, parts, droits ou titres sont détenus depuis au moins deux ans et moins de huit ans à la date de la cession ou de la distribution ; b) 65 % du montant des gains nets ou des distributions lorsque les actions, parts, droits ou titres sont détenus depuis au moins huit ans à la date de la cession ou de la distribution. Cet abattement s'applique aux gains nets de cession à titre onéreux ou de rachat de parts ou d'actions d'organismes de placement collectif en valeurs mobilières ou de placements collectifs, relevant des articles L. 214-24-24 à L. 214-32-1, L. 214-139 à L. 214-147 et L. 214-152 à L. 214-166 du code monétaire et financier, ou de dissolution de tels organismes ou placements, à condition qu'ils emploient plus de 75 % de leurs actifs en parts ou actions de sociétés. Ce quota doit être respecté au plus tard lors de la clôture de l'exercice suivant celui de la constitution de l'organisme ou du placement collectif et, de manière continue, jusqu'à la date de la cession ou du rachat des actions, parts ou droits ou de la dissolution de cet organisme ou placement collectif. Toutefois, cette condition ne s'applique pas aux gains nets mentionnés au 8 du II de l'article 150-0 A du présent code et aux gains nets de cession ou de rachat de parts de fonds communs de placement à risques mentionnés aux articles L. 214-28, L. 214-30 et L. 214-31 du code monétaire et financier et de parts ou actions de fonds professionnels de capital investissement mentionnés à l'article L. 214-159 du même code. L'abattement précité s'applique aux distributions mentionnées aux 7 et 7 bis du II de l'article 150-0 A du présent code, à condition que les fonds mentionnés à ce même 7 et les organismes ou les placements collectifs mentionnés à ce même 7 bis emploient plus de 75 % de leurs actifs en actions ou parts de sociétés ou en droits portant sur ces actions ou parts. Ce quota doit être respecté au plus tard lors de la clôture de l'exercice suivant celui de la constitution du fonds, de l'organisme ou du placement collectif et de manière continue jusqu'à la date de la distribution. Toutefois, cette condition ne s'applique pas aux distributions effectuées par des fonds communs de placement à risques mentionnés aux articles L. 214-28, L. 214-30 et L. 214-31 du code monétaire et financier et de fonds professionnels de capital investissement mentionnés à l'article L. 214-159 du même code. Les conditions mentionnées aux quatrième et cinquième alinéas du présent A s'appliquent également aux entités de même nature constituées sur le fondement d'un droit étranger. Par dérogation aux mêmes quatrième et cinquième alinéas, pour les organismes constitués avant le 1er janvier 2014, le quota de 75 % doit être respecté au plus tard lors de la clôture du premier exercice ouvert à compter de cette même date et de manière continue jusqu'à la date de la cession, du rachat ou de la dissolution ou jusqu'à la date de la distribution. B.-L'abattement mentionné au A s'applique sous réserve du respect des conditions suivantes : 1° Les actions, parts, droits ou titres ont été acquis ou souscrits antérieurement au 1er janvier 2018 ; 2° Les gains nets, distributions ou compléments de prix considérés sont imposés dans les conditions prévues au 2 de l'article 200 A. 1 quater. Par dérogation au 1 ter, les gains nets résultant de la cession à titre onéreux ou retirés du rachat d'actions ou de parts de sociétés ou de droits démembrés portant sur ces actions ou parts, mentionnés à l'article 150-0 A, sont réduits d'un abattement au taux mentionné au A lorsque les conditions prévues au B sont remplies. A.-Le taux de l'abattement est égal à : 1° 50 % de leur montant lorsque les actions, parts ou droits sont détenus depuis au moins un an et moins de quatre ans à la date de la cession ; 2° 65 % de leur montant lorsque les actions, parts ou droits sont détenus depuis au moins quatre ans et moins de huit ans à la date de la cession ; 3° 85 % de leur montant lorsque les actions, parts ou droits sont détenus depuis au moins huit ans à la date de la cession. B.-L'abattement mentionné au A s'applique sous réserve du respect de l'ensemble des conditions suivantes : 1° Les conditions mentionnées au B du 1 ter sont remplies ; 2° La société émettrice des actions, parts ou droits cédés remplit l'ensemble des conditions suivantes : a) Elle est créée depuis moins de dix ans et n'est pas issue d'une concentration, d'une restructuration, d'une extension ou d'une reprise d'activités préexistantes. Cette condition s'apprécie à la date de souscription ou d'acquisition des droits cédés ; b) Elle est une petite ou moyenne entreprise au sens de l'annexe I du règlement (UE) n° 651/2014 de la Commission du 17 juin 2014 déclarant certaines catégories d'aides compatibles avec le marché intérieur en application des articles 107 et 108 du traité. Cette condition est appréciée à la date de clôture du dernier exercice précédant la date de souscription ou d'acquisition de ces droits ou, à défaut d'exercice clos, à la date du premier exercice clos suivant la date de souscription ou d'acquisition de ces droits ; c) Elle n'accorde aucune garantie en capital à ses associés ou actionnaires en contrepartie de leurs souscriptions ; d) Elle est passible de l'impôt sur les bénéfices ou d'un impôt équivalent ; e) Elle a son siège social dans un Etat membre de l'Union européenne ou dans un autre Etat partie à l'accord sur l'Espace économique européen ayant conclu avec la France une convention d'assistance administrative en vue de lutter contre la fraude et l'évasion fiscales ; f) Elle exerce une activité commerciale au sens des articles 34 ou 35, industrielle, artisanale, libérale ou agricole. Les activités de gestion de son propre patrimoine mobilier ou immobilier sont exclues. Lorsque la société émettrice des droits cédés est une société holding animatrice qui, outre la gestion d'un portefeuille de participations, participe activement à la conduite de la politique de son groupe et au contrôle de ses filiales et rend, le cas échéant et à titre purement interne, des services spécifiques, administratifs, juridiques, comptables, financiers et immobiliers, le respect des conditions mentionnées au présent 2° s'apprécie au niveau de la société émettrice et de chacune des sociétés dans laquelle elle détient des participations. Les conditions prévues aux quatrième à avant-dernier alinéas du présent 2° s'apprécient de manière continue depuis la date de création de la société. C.-L'abattement mentionné au A ne s'applique pas : 1° Aux gains nets de cession ou de rachat de parts ou d'actions d'organismes de placement collectif en valeurs mobilières ou de placements collectifs relevant des articles L. 214-24-24 à L. 214-32-1, L. 214-139 à L. 214-147 et L. 214-152 à L. 214-166 du code monétaire et financier ou d'entités de même nature constituées sur le fondement d'un droit étranger ou de dissolution de tels organismes, placements ou entités ; 2° Aux distributions mentionnées aux 7 et 7 bis et aux deux derniers alinéas du 8 du II de l'article 150-0 A, à l'article 150-0 F et au 1 du II de l'article 163 quinquies C, y compris lorsqu'elles sont effectuées par des entités de même nature constituées sur le fondement d'un droit étranger ; 3° Aux gains mentionnés aux 3,4 bis, 4 ter et 5 du II et, le cas échéant, au 2 du III de l'article 150-0 A. 1 quinquies. Pour l'application de l'abattement mentionné au 1, la durée de détention est décomptée à partir de la date de souscription ou d'acquisition des actions, parts, droits ou titres, et : 1° En cas de cession d'actions, parts, droits ou titres effectuée par une personne interposée, à partir de la date de souscription ou d'acquisition des actions, parts, droits ou titres par la personne interposée ; 2° En cas de vente ultérieure d'actions, parts, droits ou titres reçus à l'occasion d'opérations mentionnées à l'article 150-0 B ou au II de l'article 150 UB, à partir de la date de souscription ou d'acquisition des actions, parts, droits ou titres remis à l'échange ; 3° En cas de cession d'actions, parts, droits ou titres après la clôture d'un plan d'épargne en actions défini à l'article 163 quinquies D ou leur retrait dudit plan, à partir de la date à laquelle le cédant a cessé de bénéficier, pour ces actions, parts, droits ou titres, des avantages prévus aux 5° bis et 5° ter de l'article 157 ; 4° En cas de cession à titre onéreux d'actions, parts, droits ou titres reçus en rémunération d'un apport réalisé sous le régime prévu au I ter de l'article 93 quater, au a du I de l'article 151 octies ou aux I et II de l'article 151 octies A, à partir de la date à laquelle l'apporteur a commencé son activité commerciale, industrielle, artisanale, libérale ou agricole ; 5° En cas de cession d'actions, parts, droits ou titres effectuée par une fiducie : a) Lorsque les actions, parts, droits ou titres ont été acquis ou souscrits par la fiducie, à partir de la date d'acquisition ou de souscription de ces actions, parts, droits ou titres par la fiducie ; b) Lorsque les actions, parts, droits ou titres ont été transférés dans le patrimoine fiduciaire dans les conditions prévues à l'article 238 quater N, à partir de la date d'acquisition ou de souscription des actions, parts, droits ou titres par le constituant ; 6° En cas de cession d'actions, parts, droits ou titres reçus dans les conditions prévues à l'article 238 quater Q : a) Lorsque le cédant est le constituant initial de la fiducie : – lorsque les actions, parts, droits ou titres ont été transférés par le constituant dans le patrimoine fiduciaire dans les conditions prévues à l'article 238 quater N, à partir de la date d'acquisition ou de souscription des actions, parts, droits ou titres par le constituant ; – lorsque les actions, parts, droits ou titres n'ont pas été transférés dans le patrimoine fiduciaire dans les conditions prévues au même article 238 quater N, à partir de la date d'acquisition ou de souscription des actions, parts, droits ou titres par la fiducie ; b) Lorsque le cédant n'est pas le constituant initial de la fiducie, à partir de la date d'acquisition de droits représentatifs des biens ou droits du patrimoine fiduciaire si les actions, parts, droits ou titres cédés figuraient dans le patrimoine fiduciaire lors de l'acquisition de ces droits, à partir de la date d'acquisition ou de souscription des actions, parts, droits ou titres par la fiducie dans les autres situations. 7° En cas de cession d'actions gratuites attribuées dans les conditions définies aux articles L. 225-197-1 à L. 225-197-5, L. 22-10-59 et L. 22-10-60 du code de commerce, à partir de la date d'acquisition prévue au sixième alinéa du I de l'article L. 225-197-1 du code de commerce ; 8° En cas de cession ou de rachat des parts ou actions du nouveau fonds commun de placement ou de la nouvelle société d'investissement à capital variable créés dans le cadre d'une scission réalisée en application des articles L. 214-7-4, L. 214-8-7, L. 214-24-33 et L. 214-24-41 du code monétaire et financier, en cas de dissolution de ce fonds ou de cette société ainsi que pour les distributions mentionnées aux 7 et 7 bis ainsi qu'aux deux derniers alinéas du 8 du II de l'article 150-0 A du présent code, à partir de la date d'acquisition ou de souscription des parts ou actions de l'ancien fonds commun de placement ou de l'ancienne société d'investissement à capital variable. En cas de cessions antérieures de titres ou droits de la société concernée pour lesquels le gain net a été déterminé en retenant un prix d'acquisition calculé suivant la règle de la valeur moyenne pondérée d'acquisition prévue au premier alinéa du 3, le nombre de titres ou droits cédés antérieurement est réputé avoir été prélevé en priorité sur les titres ou droits acquis ou souscrits aux dates les plus anciennes. Pour les distributions mentionnées aux 7,7 bis et aux deux derniers alinéas du 8 du II de l'article 150-0 A, à l'article 150-0 F et au 1 du II de l'article 163 quinquies C, la durée de détention est décomptée à partir de la date d'acquisition ou de souscription des titres du fonds, de l'entité ou de la société de capital-risque concerné, sous réserve du 8° du présent 1 quinquies. Pour l'application du dernier alinéa du A du 1 ter, en cas de cession à titre onéreux ou de rachat de parts ou d'actions d'organismes de placement collectif en valeurs mobilières ou de placements collectifs, constitués avant le 1er janvier 2014, ou en cas de distributions effectuées par de tels organismes, la durée de détention est décomptée : – à partir de la date de souscription ou d'acquisition de ces parts ou actions, lorsque les parts ou actions ont été souscrites ou acquises à une date où l'organisme respecte le quota d'investissement mentionné aux quatrième et cinquième alinéas du même A du 1 ter ; – à partir de la date de respect du quota d'investissement mentionné à l'avant-dernier alinéa du présent 1 quinquies lorsque les parts ou actions ont été souscrites ou acquises à une date antérieure. 2. Le prix d'acquisition des titres ou droits à retenir par le cessionnaire pour la détermination du gain net de cession des titres ou droits concernés est, le cas échéant, augmenté du complément de prix mentionné au 2 du I de l'article 150-0 A. 2 bis. (Abrogé). 3. En cas de cession d'un ou plusieurs titres appartenant à une série de titres de même nature acquis pour des prix différents, le prix d'acquisition à retenir est la valeur moyenne pondérée d'acquisition de ces titres. Le détachement de droits de souscription ou d'attribution emporte les conséquences suivantes : a. Le prix d'acquisition des actions ou parts antérieurement détenues et permettant de participer à l'opération ne fait l'objet d'aucune modification ; b. Le prix d'acquisition des droits détachés est, s'ils font l'objet d'une cession, réputé nul ; c. Le prix d'acquisition des actions ou parts reçues à l'occasion de l'opération est réputé égal au prix des droits acquis dans ce but à titre onéreux, augmenté, s'il y a lieu, de la somme versée par le souscripteur. 4. Pour l'ensemble des titres admis aux négociations sur un marché réglementé acquis avant le 1er janvier 1979, le contribuable peut retenir, comme prix d'acquisition, le cours au comptant le plus élevé de l'année 1978. Pour l'ensemble des valeurs françaises à revenu variable, il peut également retenir le cours moyen de cotation au comptant de ces titres pendant l'année 1972. Ces dispositions ne sont pas applicables lorsque la cession porte sur des droits sociaux qui, détenus directement ou indirectement dans les bénéfices sociaux par le cédant ou son conjoint, leurs ascendants et leurs descendants, ont dépassé ensemble 25 % de ces bénéfices à un moment quelconque au cours des cinq dernières années. Pour ces droits, le contribuable peut substituer au prix d'acquisition la valeur de ces droits au 1er janvier 1949 si elle est supérieure. 5. En cas de cession de titres après la clôture d'un plan d'épargne en actions défini à l'article 163 quinquies D ou leur retrait dudit plan, le prix d'acquisition est réputé égal à leur valeur à la date où le cédant a cessé de bénéficier, pour ces titres, des avantages prévus aux 5° bis et 5° ter de l'article 157. 5 bis. En cas de cession de titres après la clôture d'un plan d'épargne avenir climat défini à l'article L. 221-34-2 du code monétaire et financier ou leur retrait dudit plan, le prix d'acquisition est réputé égal à leur valeur à la date, selon le cas, de la clôture ou du retrait. 6. Le gain net réalisé depuis l'ouverture d'un plan d'épargne en actions défini à l'article 163 quinquies D s'entend de la différence entre la valeur liquidative du plan ou la valeur de rachat pour les contrats de capitalisation à la date du retrait et le montant des versements effectués sur le plan depuis la date de son ouverture, à l'exception de ceux afférents aux retraits ou rachats n'ayant pas entraîné la clôture du plan. 7. Le prix d'acquisition des titres acquis en vertu d'un engagement d'épargne à long terme est réputé égal au dernier cours coté au comptant de ces titres précédant l'expiration de cet engagement. 8. Pour les actions acquises dans les conditions prévues aux articles L. 225-177 à L. 225-186, L. 22-10-56 et L. 22-10-57 du code de commerce, le prix d'acquisition des titres à retenir par le cessionnaire pour la détermination du gain net est le prix de souscription ou d'achat des actions augmenté de l'avantage défini à l'article 80 bis du présent code. 8 bis. En cas de cession de parts ou actions acquises dans le cadre d'une opération mentionnée au 4 de l'article L. 313-7 du code monétaire et financier, le prix d'acquisition à retenir est égal au prix convenu pour l'acceptation de la promesse unilatérale de vente compte non tenu des sommes correspondant aux versements effectués à titre de loyers. 8 ter. Le gain net mentionné au 6 du II de l'article 150-0 A est égal à la différence entre le montant du remboursement et le prix ou la valeur d'acquisition ou de souscription des titres rachetés. 9. En cas de vente ultérieure ou de rachat mentionné au 6 du II de l'article 150-0 A de titres reçus à l'occasion d'une opération mentionnée à l'article 150-0 B, au quatrième alinéa de l'article 150 A bis en vigueur avant la publication de la loi de finances pour 2004 (n° 2003-1311 du 30 décembre 2003) et au II de l'article 150 UB le gain net est calculé à partir du prix ou de la valeur d'acquisition des titres échangés, diminué du montant de la soulte reçue, qui n'a pas fait l'objet d'une imposition au titre de l'année de l'échange, ou majoré de la soulte versée lors de cet échange. 9 bis. En cas de cession à titre onéreux ou de rachat de parts de fonds communs de placement à risques ou de fonds professionnels spécialisés relevant de l'article L. 214-37 du code monétaire et financier dans sa rédaction antérieure à l'ordonnance n° 2013-676 du 25 juillet 2013 modifiant le cadre juridique de la gestion d'actifs ou de fonds professionnels de capital investissement pour lesquelles le contribuable a perçu une distribution mentionnée au 7 du II de l'article 150-0 A, le prix d'acquisition ou de souscription est diminué à concurrence du montant des sommes ou valeurs ainsi distribuées qui n'a pas été imposé en application du même 7. 10. En cas d'absorption d'une société d'investissement à capital variable par un fonds commun de placement réalisée conformément à la réglementation en vigueur, les gains nets résultant de la cession ou du rachat des parts reçues en échange ou de la dissolution du fonds absorbant sont réputés être constitués par la différence entre le prix effectif de cession ou de rachat des parts reçues en échange, net des frais et taxes acquittés par le cédant, et le prix de souscription ou d'achat des actions de la société d'investissement à capital variable absorbée remises à l'échange. 10 bis. Pour le calcul des gains nets résultant de la cession ou du rachat des parts ou actions ou de la dissolution des fonds communs de placement ou sociétés d'investissement à capital variable issus d'une scission réalisée en application des articles L. 214-7-4, L. 214-8-7, L. 214-24-33 et L. 214-24-41 du code monétaire et financier, le prix d'acquisition est déterminé en retenant le prix ou la valeur d'acquisition des actions ou parts de l'entité dont l'actif a été scindé, dans le rapport existant entre la valeur liquidative de chacune des entités issues de la scission à la date de cette dernière et la somme arithmétique desdites valeurs liquidatives. 11. Les moins-values subies au cours d'une année sont imputées exclusivement sur les plus-values de même nature, retenues pour leur montant brut avant application, le cas échéant, des abattements mentionnés aux 1 ter ou 1 quater du présent article ou à l'article 150-0 D ter, imposables au titre de la même année. En cas de solde positif, les plus-values subsistantes sont réduites, le cas échéant, des moins-values de même nature subies au titre des années antérieures jusqu'à la dixième inclusivement, puis des abattements mentionnés au premier alinéa du présent 11. En cas de solde négatif, l'excédent de moins-values mentionnées au même premier alinéa non imputé est reporté et est imputé dans les mêmes conditions au titre des années suivantes jusqu'à la dixième inclusivement. 12. Les pertes constatées en cas d'annulation de valeurs mobilières, de droits sociaux, ou de titres assimilés sont imputables, dans les conditions mentionnées au 11, l'année au cours de laquelle intervient soit la réduction du capital de la société, en exécution d'un plan de redressement mentionné à l'article L. 631-19 du code de commerce, soit la cession de l'entreprise ordonnée par le tribunal en application de l'article L. 631-22 de ce code, soit le jugement de clôture de la liquidation judiciaire, soit la réduction totale du capital de la société en application du deuxième alinéa des articles L. 223-42 ou L. 225-248 dudit code dès lors que les pertes sont égales ou supérieures aux capitaux propres. Par exception aux dispositions du premier alinéa, préalablement à l'annulation des titres, les pertes sur valeurs mobilières, droits sociaux ou titres assimilés peuvent, sur option expresse du détenteur, être imputées dans les conditions prévues au 11, à compter de l'année au cours de laquelle intervient le jugement ordonnant la cession de l'entreprise en application de l'article L. 631-22 du code de commerce, en l'absence de tout plan de continuation, ou prononçant sa liquidation judiciaire. L'option porte sur l'ensemble des valeurs mobilières, droits sociaux ou titres assimilés détenus dans la société faisant l'objet de la procédure collective. En cas d'infirmation du jugement ou de résolution du plan de cession, la perte imputée ou reportée est reprise au titre de l'année au cours de laquelle intervient cet événement. Les dispositions des premier et deuxième alinéas ne s'appliquent pas : a. Aux pertes constatées afférentes à des valeurs mobilières ou des droits sociaux détenus dans un plan d'épargne d'entreprise mentionné à l'article 163 bis B, dans un plan d'épargne en actions défini à l'article 163 quinquies D ou dans un plan d'épargne avenir climat mentionné à l'article L. 221-34-2 du code monétaire et financier ; b. Aux pertes constatées par les personnes à l'encontre desquelles le tribunal a prononcé au titre des sociétés en cause l'une des condamnations mentionnées aux articles L. 651-2, L. 653-4, L. 653-5, L. 653-6, L. 653-8, L. 654-2 ou L. 654-6 du code de commerce. Lorsque l'une de ces condamnations est prononcée à l'encontre d'un contribuable ayant exercé l'option prévue au deuxième alinéa, la perte ainsi imputée ou reportée est reprise au titre de l'année de la condamnation. 13. L'imputation des pertes mentionnées au 12 est opérée dans la limite du prix effectif d'acquisition des titres par le cédant ou, en cas d'acquisition à titre gratuit, de la valeur retenue pour l'assiette des droits de mutation. Lorsque les titres ont été reçus, à compter du 1er janvier 2000, dans le cadre d'une opération d'échange dans les conditions prévues à l'article 150-0 B, le prix d'acquisition à retenir est celui des titres remis à l'échange, diminué du montant de la soulte reçue, qui n'a pas fait l'objet d'une imposition au titre de l'année de l'échange, ou majoré de la soulte versée lors de cet échange. La perte nette constatée est minorée, en tant qu'elle se rapporte aux titres concernés, du montant : a. Des sommes ou valeurs remboursées dans la limite du prix d'acquisition des titres correspondants. b. Des sommes ayant ouvert droit à la réduction d'impôt en application de l'article 199 unvicies. c. abrogé 14. Par voie de réclamation présentée dans le délai prévu au livre des procédures fiscales en matière d'impôt sur le revenu, le prix de cession des titres ou des droits retenu pour la détermination des gains nets mentionnés au 1 du I de l'article 150-0 A est diminué du montant du versement effectué par le cédant en exécution de la clause du contrat de cession par laquelle le cédant s'engage à reverser au cessionnaire tout ou partie du prix de cession en cas de révélation, dans les comptes de la société dont les titres sont l'objet du contrat, d'une dette ayant son origine antérieurement à la cession ou d'une surestimation de valeurs d'actif figurant au bilan de cette même société à la date de la cession. Le montant des sommes reçues en exécution d'une telle clause de garantie de passif ou d'actif net diminue le prix d'acquisition des valeurs mobilières ou des droits sociaux à retenir par le cessionnaire pour la détermination du gain net de cession des titres concernés.",,
WEAKNEG_0018,article_neg_00252,Code général des impôts,223 VM sexies,LEGIARTI000048803806,article_id::legiarti000048803806,low_clean_candidate_not_in_gold,"Conformément au A du IV de l'article 33 de la loi n° 2023-1322 du 29 décembre 2023, ces dispositions s'appliquent aux exercices ouverts à compter du 31 décembre 2023. Pour l'application du présent chapitre, le lieu de situation d'une entité constitutive s'apprécie au premier jour de l'exercice concerné.",,
WEAKNEG_0019,article_neg_00385,Code général des impôts,93,LEGIARTI000051213215,article_id::legiarti000051213215,low_clean_candidate_not_in_gold,"1. Le bénéfice à retenir dans les bases de l'impôt sur le revenu est constitué par l'excédent des recettes totales sur les dépenses nécessitées par l'exercice de la profession. Sous réserve des dispositions de l'article 151 sexies, il tient compte des gains ou des pertes provenant soit de la réalisation des éléments d'actif affectés à l'exercice de la profession, soit des cessions de charges ou d'offices, ainsi que de toutes indemnités reçues en contrepartie de la cessation de l'exercice de la profession ou du transfert d'une clientèle. Les dépenses déductibles comprennent notamment : 1° Le loyer des locaux professionnels. Lorsque le contribuable est propriétaire de locaux affectés à l'exercice de sa profession, aucune déduction n'est apportée, de ce chef, au bénéfice imposable ; 2° Les amortissements effectués suivant les règles applicables en matière de bénéfices industriels et commerciaux ; 3° Les loyers versés en exécution d'un contrat de crédit-bail ou de location portant sur des véhicules de tourisme au sens de l'article L. 421-2 du code des impositions sur les biens et services, à l'exclusion de la part de loyer visée au 4 de l'article 39 ; 4° (Abrogé) ; 5° Les dépenses exposées en vue de l'obtention d'un diplôme ou d'une qualification professionnelle dans la perspective d'une insertion ou d'une conversion professionnelle par les personnes tirant un revenu de la pratique d'un sport ; 6° Les loyers versés en exécution d'un contrat de crédit-bail portant sur un immeuble, dans les conditions et limites fixées au 10 de l'article 39 ; 7° Les droits de mutation à titre gratuit acquittés par les héritiers, donataires ou légataires d'une exploitation, pour la part des droits afférente à cette exploitation, et les intérêts payés en application des dispositions de l'article 1717, pour la même part ; 8° (Abrogé) Les taxes prévues aux articles 231 ter et 231 quater ne sont pas déductibles du bénéfice imposable. 1 bis. Les fonctionnaires qui sont autorisés à apporter leur concours scientifique à une entreprise qui assure la valorisation de leurs travaux au titre de l'article L. 531-8 du code de la recherche peuvent demander que le revenu provenant de cette activité soit soumis à l'impôt sur le revenu selon les règles prévues en matière de traitements et salaires. Cette option est subordonnée à la condition que les rémunérations perçues soient intégralement déclarées par l'entreprise qui les verse. La demande doit être adressée au service des impôts du lieu du domicile avant le 1er mars de l'année qui suit celle au titre de laquelle l'imposition est établie. L'option demeure valable tant qu'elle n'a pas été expressément dénoncée dans les mêmes conditions. 1 ter. Les agents généraux d'assurances et leurs sous-agents peuvent demander que le revenu imposable provenant des commissions versées par les compagnies d'assurances qu'ils représentent, ès qualités, soit déterminé selon les règles prévues en matière de traitements et salaires. Ce régime est subordonné aux conditions suivantes : Les commissions reçues doivent être intégralement déclarées par les tiers ; Les intéressés ne doivent pas bénéficier d'autres revenus professionnels, à l'exception de courtages et autres rémunérations accessoires se rattachant directement à l'exercice de leur profession ; Le montant brut de ces courtages et rémunérations accessoires ne doit pas excéder 10 % du montant brut des commissions. La demande doit être adressée au service des impôts du lieu d'exercice de la profession avant le 1er mars de l'année au titre de laquelle l'imposition est établie. L'option demeure valable tant qu'elle n'a pas été expressément dénoncée dans les mêmes conditions. Les contribuables ayant demandé l'application de ce régime doivent joindre à leur déclaration annuelle un état donnant la ventilation des sommes reçues suivant les parties versantes. 1 quater. Lorsqu'ils sont intégralement déclarés par les tiers, les produits de droits d'auteur perçus par les auteurs des œuvres de l'esprit mentionnées à l'article L. 112-2 du code de la propriété intellectuelle sont, sans préjudice de l'article 100 bis, soumis à l'impôt sur le revenu selon les règles prévues en matière de traitements et salaires. La déduction forfaitaire de 10 % pour frais professionnels, prévue au 3° de l'article 83, s'applique au montant brut des droits perçus diminué des cotisations payées au titre des régimes obligatoire et complémentaire obligatoire de sécurité sociale. 2. Dans le cas de concession de licence d'exploitation d'un brevet, ou de cession ou de concession d'un procédé ou formule de fabrication par l'inventeur lui-même, il est appliqué sur les produits d'exploitation ou sur le prix de vente un abattement de 30 % pour tenir compte des frais exposés en vue de la réalisation de l'invention, lorsque les frais réels n'ont pas déjà été admis en déduction pour la détermination du bénéfice imposable, sauf application des dispositions du deuxième alinéa du I de l'article 93 quater. 3. (Abrogé). 4. (Transféré sous l'article 93 quater II). 4 bis. (Abrogé). 5. Pour l'application du 1, les parts de sociétés civiles de moyens constituent des éléments affectés à l'exercice de la profession. 6. Les biens acquis à l'échéance des contrats mentionnés au III de l'article 93 quater constituent des éléments d'actif affectés à l'exercice de l'activité non commerciale pour l'application du présent article. 7. (Abrogé). 8. Sur demande expresse des contribuables soumis au régime de la déclaration contrôlée qui exercent une activité professionnelle au sens du 1 de l'article 92, les subventions visées à l'article 42 septies ne sont pas comprises dans les résultats de l'année en cours à la date de leur versement. Dans ce cas, elles sont imposables dans les conditions définies par ce dernier article. 9. Les auteurs d'oeuvres d'art au sens du 1° du I de l'article 297 A bénéficient d'un abattement de 50 % sur le montant de leur bénéfice imposable au titre de la première année d'activité ainsi que des quatre années suivantes. Ces dispositions s'appliquent aux revenus résultant de la cession des oeuvres mentionnées à l'alinéa précédent, ainsi que de la cession et de l'exploitation des droits patrimoniaux reconnus par la loi sur ces mêmes oeuvres, et perçus par les auteurs personnes physiques imposées selon le régime de la déclaration contrôlée. Les revenus provenant des opérations mentionnées à l'article 279 bis ne bénéficient pas de l'abattement prévu au premier alinéa. L'abattement mentionné au premier alinéa ne peut excéder 50 000 € par an. Il ne s'applique pas en cas d'option pour le régime prévu à l'article 100 bis. 10. Lorsque le montant total des sommes et indemnités perçues par les arbitres ou juges mentionnées au 6° du 2 de l'article 92 est inférieur, pour une année civile, à la limite définie au premier alinéa de l'article L. 241-16 du code de la sécurité sociale, plafonné à 14,5 % du montant annuel du plafond mentionné à l'article L. 241-3 du même code, ces sommes et indemnités sont exonérées.",,
WEAKNEG_0020,article_neg_00396,Code général des impôts,151 septies A,LEGIARTI000051216315,article_id::legiarti000051216315,low_clean_candidate_not_in_gold,"Conformément au C du III de l'article 70 de la loi n° 2025-127 du 14 février 2024, les D, E, F et H du I de l'article précité s'appliquent aux cessions réalisées au cours des exercices ouverts à compter du 1er janvier 2025. I. – Les plus-values soumises au régime des articles 39 duodecies à 39 quindecies, autres que celles mentionnées au III, réalisées dans le cadre d'une activité commerciale, industrielle, artisanale, libérale ou agricole, sont exonérées lorsque les conditions suivantes sont réunies : 1° L'activité doit avoir été exercée pendant au moins cinq ans ; 2° La cession est réalisée à titre onéreux et porte sur une entreprise individuelle ou sur l'intégralité des droits ou parts détenus par un contribuable qui exerce son activité professionnelle dans le cadre d'une société ou d'un groupement dont les bénéfices sont, en application des articles 8 et 8 ter, soumis en son nom à l'impôt sur le revenu et qui sont considérés comme des éléments d'actif affectés à l'exercice de la profession au sens du I de l'article 151 nonies ; 3° Le cédant cesse toute fonction dans l'entreprise individuelle cédée ou dans la société ou le groupement dont les droits ou parts sont cédés et fait valoir ses droits à la retraite, dans les deux années suivant ou précédant la cession ; 4° Le cédant ne doit pas détenir, directement ou indirectement, plus de 50 % des droits de vote ou des droits dans les bénéfices sociaux de l'entreprise cessionnaire ; 5° L'entreprise individuelle cédée ou la société ou le groupement dont les droits ou parts sont cédés emploie moins de deux cent cinquante salariés et soit a réalisé un chiffre d'affaires annuel inférieur à 50 millions d'euros au cours de l'exercice, soit a un total de bilan inférieur à 43 millions d'euros ; 6° Le capital ou les droits de vote de la société ou du groupement dont les droits ou parts sont cédés ne sont pas détenus à hauteur de 25 % ou plus par une entreprise ou par plusieurs entreprises ne répondant pas aux conditions du 5°, de manière continue au cours de l'exercice. Pour la détermination de ce pourcentage, les participations de sociétés de capital-risque, des fonds communs de placement à risques, des fonds professionnels spécialisés relevant de l'article L. 214-37 du code monétaire et financier dans sa rédaction antérieure à l'ordonnance n° 2013-676 du 25 juillet 2013 modifiant le cadre juridique de la gestion d'actifs, des fonds professionnels de capital investissement, des sociétés de libre partenariat, des sociétés de développement régional, des sociétés financières d'innovation et des sociétés unipersonnelles d'investissement à risque ne sont pas prises en compte à la condition qu'il n'existe pas de lien de dépendance au sens du 12 de l'article 39 entre la société ou le groupement en cause et ces dernières sociétés ou ces fonds. Cette condition s'apprécie de manière continue au cours de l'exercice. I bis. – L'exonération prévue aux I et I quater s'applique dans les mêmes conditions aux plus-values en report d'imposition sur le fondement du I ter de l'article 93 quater, du a du I de l'article 151 octies, des I et II de l'article 151 octies A, du I de l'article 151 octies B et du premier alinéa du IV de l'article 151 nonies . I ter. – Sont également éligibles au présent dispositif, dans les conditions du I et pour la seule plus-value imposable au nom de l'associé, les cessions d'activité réalisées par les sociétés visées au 2° du I à condition qu'il soit procédé à la dissolution de la société de manière concomitante à la cession et que ledit associé fasse valoir ses droits à la retraite dans les deux années suivant ou précédant la cession. I quater. – A.-Sont également exonérées les plus-values de cession soumises au régime des articles 39 duodecies à 39 quindecies, autres que celles mentionnées au III du présent article, réalisées dans le cadre d'un contrat de cessions échelonnées d'une société ou d'un groupement agricole, lorsque les conditions suivantes sont réunies : 1° Le contrat porte sur l'intégralité des droits ou des parts détenus par un contribuable dans une société ou un groupement dont les bénéfices sont, en application des articles 8 et 8 ter, soumis en son nom à l'impôt sur le revenu et qui sont considérés, au jour de la première cession ou, s'il est antérieur, au jour précédant son départ à la retraite ou la cessation de ses fonctions, comme des éléments d'actif affectés à l'exercice de la profession, au sens du I de l'article 151 nonies ; 2° Le contribuable exerce, au jour de la première cession ou, s'il est antérieur, au jour précédant son départ à la retraite ou la cessation de ses fonctions, son activité professionnelle dans le cadre de la société ou du groupement dont les droits ou les parts sont cédés. Cette activité doit avoir été exercée pendant au moins cinq ans à cette date ; 3° Les cessions sont réalisées à titre onéreux au profit : a) D'une ou de plusieurs personnes physiques justifiant de l'octroi des aides à l'installation des jeunes agriculteurs mentionnées au I de l'article 73 B au titre de la première cession ; b) Ou d'une société ou d'un groupement dont chacun des associés ou des membres justifie de l'octroi des aides mentionnées au a du présent 3° au titre de la première cession ; 4° L'intégralité des droits ou des parts mentionnés au 1° doit être cédée dans un délai de six ans à compter de la première cession ; 5° Le cédant cesse toute fonction dans la société ou le groupement dont les droits ou les parts sont cédés et fait valoir ses droits à la retraite au plus tôt dans les deux années précédant la date de première cession et au plus tard dans les deux années suivant la date de la dernière cession ; 6° Le cédant ne détient ni directement ni indirectement de droits de vote ou de droits dans les bénéfices sociaux après la dernière cession ; 7° Le cédant respecte la condition prévue au 4° du I aux dates de la première et de la dernière cessions et pendant toute la période entre ces deux dates ; 8° Les conditions prévues aux 5° et 6° du même I sont respectées au jour de la première cession. B. - Les plus-values de cession exonérées, mentionnées au A du présent I quater, sont portées sur un état de suivi conforme au modèle fourni par l'administration, qui mentionne la date de chaque cession, la quotité de droits ou de parts transmise et les renseignements nécessaires au calcul des plus-values exonérées. Le cédant doit joindre cet état de suivi à sa déclaration de revenus. II. – L'exonération prévue au I est remise en cause si le cédant relève de la situation mentionnée au 4° du I à un moment quelconque au cours des trois années qui suivent la réalisation de l'opération ayant bénéficié du régime prévu au présent article. Lorsque l'une des conditions prévues aux 2° ou 3° du I n'est pas remplie au terme du délai prévu à ce même 3°, l'exonération prévue au I est remise en cause au titre de l'année au cours de laquelle intervient le terme de ce délai. II bis. – A.-L'exonération prévue au I quater est remise en cause au titre de l'année qui suit celle de la première cession si le cédant n'est pas en mesure de justifier, au plus tard à la date du dépôt de la déclaration de revenus relative à cette année, de l'octroi, aux cessionnaires mentionnés aux a et b du 3° du A du même I quater, des aides mentionnées au I de l'article 73 B. B.-Si le cédant ne remplit plus la condition mentionnée aux 6° ou 7° du A du I quater, l'exonération prévue au même I quater est remise en cause, pour l'ensemble des cessions, au titre de l'année au cours de laquelle cette condition n'est plus remplie. C.-Lorsque l'une des conditions prévues aux 4° ou 5° du A du I quater n'est pas remplie à l'expiration du délai prévu aux mêmes 4° et 5°, l'exonération prévue au même I quater est remise en cause, pour l'ensemble des cessions, au titre de l'année au cours de laquelle intervient l'expiration de ce délai. D.-Par dérogation au B du présent II bis, si le contrat de cessions échelonnées mentionné au premier alinéa du A du I quater fait l'objet d'une résiliation au sens de l'article 1229 du code civil, l'exonération prévue au I quater du présent article est remise en cause, pour l'ensemble des cessions réalisées, au titre de l'année au cours de laquelle intervient cette résiliation. III. – Sont imposées dans les conditions de droit commun les plus-values portant sur : 1° Des biens immobiliers bâtis ou non bâtis ou des droits ou parts de sociétés dont l'actif est principalement constitué de biens immobiliers bâtis ou non bâtis ou de droits ou parts de sociétés dont l'actif est principalement constitué des mêmes biens, droits ou parts ; 2° Des droits ou parts mentionnés au 2° du I lorsque l'actif de la société ou du groupement est principalement constitué de biens immobiliers bâtis ou non bâtis non affectés par la société ou le groupement à sa propre exploitation ou de droits ou parts de sociétés dont l'actif est principalement constitué des mêmes biens, droits ou parts. IV. – Par dérogation au 2° du I, la cession à titre onéreux d'une activité qui fait l'objet d'un contrat de location-gérance ou d'un contrat comparable peut bénéficier du régime mentionné au I si les conditions suivantes sont simultanément satisfaites : 1° L'activité est exercée depuis au moins cinq ans au moment de la mise en location ; 2° La cession est réalisée au profit du locataire ou, dans le respect du contrat, de toute autre personne, sous réserve que cette cession porte sur l'intégralité des éléments concourant à l'exploitation de l'activité qui a fait l'objet du contrat de location-gérance ou d'un contrat comparable. IV bis. – En cas de cession à titre onéreux de parts ou d'actions de sociétés passibles de l'impôt sur les sociétés ou d'un impôt équivalent ou soumises sur option à cet impôt, rendant imposable une plus-value en report d'imposition sur le fondement du I ter de l'article 93 quater, du a du I de l'article 151 octies, des I et II de l'article 151 octies A, du I de l'article 151 octies B ou du III de l'article 151 nonies, cette plus-value en report est exonérée, lorsque les conditions suivantes sont réunies : 1° Le cédant : a) Doit avoir exercé, de manière continue pendant les cinq années précédant la cession, l'une des fonctions énumérées au 1° du 1 du III de l'article 975 et dans les conditions prévues au même 1° dans la société dont les titres sont cédés ; b) Cesse toute fonction dans la société dont les titres sont cédés et fait valoir ses droits à la retraite, dans les deux années suivant ou précédant la cession ; c) Remplit la condition prévue au 4° du I ; 2° La cession porte sur l'intégralité des titres de la société ; 3° La société dont les titres sont cédés : a) Répond aux conditions prévues aux 5° et 6° du I ; b) A son siège social dans un État membre de l'Union européenne ou dans un autre Etat partie à l'accord sur l'Espace économique européen ayant conclu avec la France une convention d'assistance administrative en vue de lutter contre la fraude et l'évasion fiscales ; c) Doit avoir exercé, de manière continue pendant les cinq années précédant la cession, une activité commerciale, industrielle, artisanale, libérale ou agricole, à l'exception de la gestion de son propre patrimoine mobilier ou immobilier. L'exonération mentionnée au premier alinéa du présent IV bis est remise en cause si le cédant relève de la situation mentionnée au 4° du I à un moment quelconque au cours des trois années qui suivent la réalisation de la cession de l'intégralité des titres. Lorsque l'une des conditions prévues au b du 1° ou au 2° n'est pas remplie au terme du délai prévu à ce même b, l'exonération prévue au présent IV bis est remise en cause au titre de l'année au cours de laquelle intervient le terme de ce délai. V. – 1. L'indemnité compensatrice versée à un agent général d'assurances par la compagnie d'assurances qu'il représente à l'occasion de la cessation du mandat bénéficie du régime mentionné au I si les conditions suivantes sont réunies : a) Le contrat dont la cessation est indemnisée doit avoir été conclu depuis au moins cinq ans au moment de la cessation ; b) L'agent général d'assurances fait valoir ses droits à la retraite dans les deux années suivant la cessation du contrat ; c) L'activité est intégralement poursuivie dans le délai de deux ans. 2. Lorsque le régime de faveur prévu au 1 s'applique, l'agent général d'assurances qui cesse son activité est assujetti, sur le montant de l'indemnité compensatrice, à une taxe exceptionnelle établie selon le tarif prévu à l'article 719. Cette taxe est établie, contrôlée et recouvrée comme l'impôt sur le revenu et sous les mêmes garanties et sanctions. Un décret détermine les modalités d'application du présent 2 et les obligations déclaratives incombant aux redevables et aux compagnies d'assurances. VI. – L'option pour le bénéfice du régime défini au présent article est exclusive de celui des régimes prévus au I ter de l'article 93 quater et aux articles 151 octies et 151 octies A.",,
WEAKNEG_0021,article_neg_00301,Code général des impôts,1655 septies,LEGIARTI000046868436,article_id::legiarti000046868436,low_clean_candidate_not_in_gold,"Conformément au A du IV de l'article 29 de la loi n° 2022-1726 du 30 décembre 2022, ces dispositions s'appliquent aux compétitions pour lesquelles la décision d'attribution à la France est intervenue à compter du 1er janvier 2022. Conformément au B du IV de l'article 29 de la loi n° 2022-1726 du 30 décembre 2022, le présent article, dans sa rédaction antérieure à la loi n° 2022-1726, s'applique aux compétitions pour lesquelles la décision d'attribution à la France est intervenue avant le 31 décembre 2017. I. – Les organismes chargés de l'organisation en France d'une compétition sportive internationale et, le cas échéant, les filiales dont ils détiennent directement ou indirectement plus de la moitié du capital ne sont pas redevables : 1° A raison des bénéfices réalisés en France et des revenus de source française, lorsque ces bénéfices et ces revenus sont directement liés à l'organisation de la compétition sportive internationale : a) De l'impôt sur les sociétés prévu à l'article 205 du présent code ; b) De l'impôt sur le revenu au titre des bénéfices industriels et commerciaux définis aux articles 34 et 35 ; c) De la retenue à la source prévue à l'article 119 bis applicable aux sommes perçues par les organismes et leurs filiales mentionnés au premier alinéa du présent I ; d) De la retenue à la source prévue aux b et c du I de l'article 182 B applicable aux sommes perçues par les organismes et leurs filiales mentionnés au premier alinéa du présent I ; 2° A raison des rémunérations versées aux salariés de l'organisme et des sociétés mentionnées au premier alinéa du présent I, lorsque les fonctions exercées par ces salariés sont directement liées à l'organisation de la compétition sportive internationale : a) De la taxe sur les salaires prévue à l'article 231 ; b) De la participation mentionnée à l'article 235 bis ; c) Des contributions mentionnées aux 2° et 3° du I de l'article L. 6131-1 du code du travail ; d) (Abrogé) 3° Sous réserve du 2°, des impôts prévus aux titres Ier à II bis de la deuxième partie du présent livre, à l'exception des taxes foncières sur les propriétés bâties et non bâties et de leurs taxes annexes, lorsque leur fait générateur est directement lié à l'organisation de la compétition sportive internationale. II. – La compétition sportive internationale dont l'organisation ouvre droit au bénéfice du régime défini au I s'entend de celle satisfaisant aux critères cumulatifs suivants : 1° Etre attribuée dans le cadre d'une sélection par un comité international, sur candidature d'une personne publique ou d'une fédération sportive nationale délégataire, définie à l'article L. 131-14 du code du sport ; 2° Etre de niveau au moins équivalent à un championnat d'Europe ; 3° Etre organisée de façon exceptionnelle sur le territoire français ; 4° Entraîner des retombées économiques exceptionnelles. La qualité de compétition sportive internationale, au sens du présent II, est reconnue par décret. III. – (Abrogé). IV. – Les commissions permanentes chargées des finances et les commissions permanentes compétentes en matière de sport de l'Assemblée nationale et du Sénat reçoivent pour information, au moment du dépôt du dossier de candidature au comité international par la personne publique ou la fédération mentionnée au 1° du II, les lettres d'engagement de l'Etat pour l'accueil en France d'une compétition sportive internationale susceptible de bénéficier du régime fiscal défini au I.",,
WEAKNEG_0022,article_neg_00226,Code général des impôts,39 duodecies A,LEGIARTI000006302924,article_id::legiarti000006302924,low_clean_candidate_not_in_gold,"1. DISPOSITIONS APPLICABLES AUX CONTRATS CONCLUS JUSQU'AU 31 DECEMBRE 1995. La plus-value réalisée lors de la cession d'un contrat de crédit-bail conclu dans les conditions prévues aux 1 et 2 de l'article L. 313-7 du code monétaire et financier est soumise au régime défini aux articles 39 duodecies et suivants. Elle est considérée comme une plus-value à court terme à concurrence de la fraction des loyers qui correspond aux amortissements que l'entreprise cédante aurait pu pratiquer selon le mode linéaire si elle avait été propriétaire du bien qui fait l'objet du contrat ; ces amortissements sont calculés sur le prix d'acquisition du bien par le bailleur diminué du prix prévu au contrat pour l'acceptation de la promesse unilatérale de vente en retenant une durée d'utilisation égale à celle du contrat. DISPOSITIONS APPLICABLES AUX CONTRATS CONCLUS A COMPTER DU 1er JANVIER 1996. La plus-value réalisée lors de la cession d'un contrat de crédit-bail conclu dans les conditions prévues aux 1 et 2 de l'article L. 313-7 du code monétaire et financier est soumise au régime défini aux articles 39 duodecies et suivants. Lorsque le contrat a été conclu dans les conditions du 1 de l'article L. 313-7 précité, elle est considérée comme une plus-value à court terme à concurrence de la fraction des loyers qui correspond aux amortissements que l'entreprise cédante aurait pu pratiquer selon le mode linéaire si elle avait été propriétaire du bien qui fait l'objet du contrat ; ces amortissements sont calculés sur le prix d'acquisition du bien par le bailleur diminué du prix prévu au contrat pour l'acceptation de la promesse unilatérale de vente en retenant une durée d'utilisation égale à celle du contrat. Lorsque le contrat a été conclu dans les conditions du 2 de l'article L. 313-7 précité, la plus-value est considérée comme une plus-value à court terme à concurrence de la fraction déduite, pour l'assiette de l'impôt, de la quote-part de loyers prise en compte pour la fixation du prix de vente convenu pour la cession éventuelle de l'immeuble à l'issue du contrat diminuée du montant des frais d'acquisition compris dans ces loyers. 2. Le prix d'acquisition des droits mentionnés au 1 réduit, le cas échéant, de la fraction définie au 6, est amorti selon le mode linéaire sur la durée normale d'utilisation du bien à cette date. Si ces droits sont à nouveau cédés, la fraction de la plus-value réalisée qui correspond aux amortissements ainsi pratiqués est également considérée comme une plus-value à court terme. 3. Lors de l'acceptation de la promesse unilatérale de vente par le titulaire des droits mentionnés au 1, le prix de revient du bien acquis est majoré du prix d'achat de ces mêmes droits. Ce bien est réputé amorti à concurrence des sommes déduites en application du 2. Il est fait application, le cas échéant, des dispositions de l'article 239 sexies C. 4. DISPOSITIONS APPLICABLES AUX CONTRATS CONCLUS JUSQU'AU 31 DECEMBRE 1995. En cas de cession ultérieure d'un bien acquis à l'échéance d'un contrat de crédit-bail, la plus-value réalisée est considérée comme une plus-value à court terme à hauteur des amortissements pratiqués sur le prix de revient du bien augmentés des amortissements que l'entreprise aurait pu pratiquer comme il est indiqué au 1 pendant la période au cours de laquelle elle a été titulaire du contrat. Pour l'application du premier alinéa, l'amortissement que l'entreprise aurait pu pratiquer comme il est indiqué au 1 est diminué du montant des sommes réintégrées en application des articles 239 sexies et 239 sexies B. DISPOSITIONS APPLICABLES AUX CONTRATS CONCLUS A COMPTER DU 1ER JANVIER 1996. En cas de cession ultérieure d'un bien acquis à l'échéance d'un contrat de crédit-bail, la plus-value réalisée est considérée comme une plus-value à court terme à hauteur des amortissements pratiqués sur le prix de revient augmenté, selon le cas, des amortissements que l'entreprise aurait pu pratiquer comme il est indiqué au 1 pendant la période au cours de laquelle elle a été titulaire du contrat, soit de la fraction déduite pendant la même période de la quote-part de loyers prise en compte pour la fixation du prix de vente convenu pour la cession éventuelle de l'immeuble à l'issue du contrat. Pour l'application du premier alinéa, la fraction déduite de la quote-part de loyers prise en compte pour la fixation du prix de vente convenu pour la cession éventuelle de l'immeuble à l'issue du contrat est diminuée du montant des sommes réintégrées en application des articles 239 sexies et 239 sexies B et du montant des frais d'acquisition compris dans ces loyers. 5. Les dispositions du premier alinéa du 4 (contrats conclus jusqu'au 31 décembre 1995) s'appliquent aux cessions de biens intervenues à compter du 1er octobre 1989. 6. DISPOSITIONS APPLICABLES AUX CONTRATS CONCLUS JUSQU'AU 31 DECEMBRE 1995. Pour l'application des dispositions du présent article, les droits afférents à un contrat de crédit-bail immobilier sont assimilés à des éléments non amortissables de l'actif immobilisé pour une fraction du prix auquel le contrat de crédit-bail a été acquis par le nouveau titulaire égale au rapport qui existe, à la date du transfert du contrat, entre la valeur réelle du terrain et celle de l'ensemble immobilier. DISPOSITIONS APPLICABLES AUX CONTRATS CONCLUS A COMPTER DU 1er JANVIER 1996. Les droits afférents à un contrat de crédit-bail immobilier sont assimilés à des éléments non amortissables de l'actif immobilisé pour la fraction du prix auquel ils ont été acquis égale à la somme de la valeur réelle du terrain et des quotes-parts de loyers non déduites en application des dispositions du 10 de l'article 39 au titre des éléments non amortissables, à la date du transfert du contrat, diminuée de la valeur du terrain à la signature du contrat avec le crédit-bailleur. 7. Les dispositions des 1 à 5 s'appliquent aux droits afférents aux contrats de crédit-bail portant sur des éléments incorporels amortissables d'un fonds de commerce ou d'un fonds artisanal. Un décret fixe les modalités d'application du présent article ainsi que les obligations déclaratives.",,
WEAKNEG_0023,article_neg_00123,Code de commerce,R321-35-1,LEGIARTI000036787225,article_id::legiarti000036787225,low_clean_candidate_not_in_gold,"I.-L'autorité administrative mentionnée au septième alinéa de l'article L. 321-3 est dans le cadre de leurs attributions respectives, le directeur général de la concurrence, de la consommation et de la répression des fraudes, le chef du service national des enquêtes de la direction générale de la concurrence, de la consommation et de la répression des fraudes, le directeur régional des entreprises, de la concurrence, de la consommation, du travail et de l'emploi, le directeur de la direction départementale chargée de la protection des populations, ou leur représentant nommément désigné. II.-Pour l'application du présent article dans les collectivités d'outre-mer régies par l'article 73 de la constitution, les références : “ directeur régional des entreprises, de la concurrence, de la consommation, du travail et de l'emploi ” et “ directeur de la direction départementale chargée de la protection des populations ” sont remplacées par la référence : “ directeur des entreprises, de la concurrence, de la consommation, du travail et de l'emploi ”.",,
WEAKNEG_0024,article_neg_00002,Code de commerce,L125-3,LEGIARTI000006219609,article_id::legiarti000006219609,low_clean_candidate_not_in_gold,Le groupement d'intérêt économique ou la société qui a recours au crédit-bail est considéré comme utilisateur au sens de l'article 5 b de l'ordonnance n° 67-837 du 28 septembre 1967.,,
WEAKNEG_0025,article_neg_00315,Code général des impôts,201 ter,LEGIARTI000036431974,article_id::legiarti000036431974,low_clean_candidate_not_in_gold,"En cas de cession ou de cessation d'entreprise, les provisions visées aux articles 39 bis à 39 bis B non encore employées sont considérées comme un élément du bénéfice immédiatement imposable dans les conditions fixées par l'article 201.",,
WEAKNEG_0026,article_neg_00042,Code de commerce,L626-30,LEGIARTI000044052738,article_id::legiarti000044052738,low_clean_candidate_not_in_gold,"Conformément au I de l'article 73 de l'ordonnance n° 2021-1193 du 15 septembre 2021, ces dispositions entrent en vigueur le 1er octobre 2021. Elles ne sont pas applicables aux procédures en cours au jour de l'entrée en vigueur de ladite ordonnance. I.-Sont des parties affectées : 1° Les créanciers dont les droits sont directement affectés par le projet de plan ; 2° Les membres de l'assemblée générale extraordinaire ou de l'assemblée des associés, des assemblées spéciales mentionnées aux articles L. 225-99 et L. 228-35-6 et des assemblées générales des masses visées à l'article L. 228-103, si leur participation au capital du débiteur, les statuts ou leurs droits sont modifiés par le projet de plan. Pour l'application du présent livre, ils sont nommés “ détenteurs de capital ”. Seules les parties affectées se prononcent sur le projet de plan. II.-Les parties affectées portent à la connaissance de l'administrateur, au plus tard dans un délai fixé par décret en Conseil d'Etat, les accords de subordination conclus avant l'ouverture de la procédure. A défaut, ces accords de subordination sont inopposables à la procédure. III.-La composition des classes de parties affectées est déterminée au vu des créances et droits nés antérieurement à la date du jugement d'ouverture de la procédure. L'administrateur répartit, sur la base de critères objectifs vérifiables, les parties affectées en classes représentatives d'une communauté d'intérêt économique suffisante en respectant les conditions suivantes : 1° Les créanciers titulaires de sûretés réelles portant sur les biens du débiteur, pour leurs créances garanties, et les autres créanciers sont répartis en classes distinctes ; 2° La répartition en classes respecte les accords de subordination conclus avant l'ouverture de la procédure ; 3° Les détenteurs de capital forment une ou plusieurs classes. IV.-Les créances résultant du contrat de travail, les droits à pension acquis au titre d'un régime de retraite professionnelle et les créances alimentaires ne sont pas affectées par le plan. V.-L'administrateur soumet à chaque partie affectée les modalités de répartition en classes et de calcul des voix correspondant aux créances ou aux droits affectés leur permettant d'exprimer un vote. Le montant des créances pris en compte est celui indiqué par le débiteur et certifié par son ou ses commissaires aux comptes ou, lorsqu'il n'en a pas été désigné, établi par son expert-comptable. Pour les parties affectées bénéficiaires d'une fiducie constituée à titre de garantie par le débiteur, sont seuls pris en compte les montants de leurs créances non assorties d'une telle sûreté. Ces modalités sont également notifiées au mandataire judiciaire. En cas de désaccord, chaque partie affectée, le débiteur, le ministère public, le mandataire judiciaire ou l'administrateur peut saisir le juge-commissaire suivant des modalités prévues par décret en Conseil d'Etat.",,
WEAKNEG_0027,article_neg_00057,Code de commerce,D712-14-2,LEGIARTI000039653592,article_id::legiarti000039653592,low_clean_candidate_not_in_gold,"Sont considérées comme des circonstances particulières au sens du 7° de l'article L. 711-8 : 1° L'intervention de la chambre au soutien de l'activité économique de sa circonscription en cas de mutation économique affectant gravement cette activité ; 2° Une tâche confiée à une ou plusieurs chambres de la circonscription, en raison de particularités locales ou à titre expérimental par le préfet, dont ces chambres ne peuvent assurer par elles-mêmes la totalité du financement ; 3° Les mesures de restructuration d'une chambre rendues nécessaires par la disparition d'une de ses activités ou de ses ressources ; 4° la situation dans laquelle une chambre de commerce et d'industrie territoriale ne peut faire face au paiement des dépenses obligatoires qui lui incombent.",,
WEAKNEG_0028,article_neg_00148,Code de commerce,A821-69,LEGIARTI000050693497,article_id::legiarti000050693497,low_clean_candidate_not_in_gold,"La norme d'exercice professionnel relative à la planification de l'audit, homologuée par le garde des sceaux, ministre de la justice, figure ci-dessous : NEP-300. PLANIFICATION DE L'AUDIT Introduction 01. L'audit des comptes mis en œuvre par le commissaire aux comptes appelé à certifier les comptes d'une entité fait l'objet d'une planification. Cette planification est formalisée notamment dans un plan de mission et un programme de travail. 02. La présente norme a pour objet de définir la démarche que suit le commissaire aux comptes pour la planification de son audit des comptes et l'élaboration du plan de mission et du programme de travail. Aspects généraux de la planification 03. La planification consiste à prévoir : - l'approche générale des travaux ; - les procédures d'audit à mettre en œuvre par les membres de l'équipe d'audit ; - la nature et l'étendue de la supervision des membres de l'équipe d'audit et la revue de leurs travaux ; - la nature et l'étendue des ressources nécessaires pour réaliser la mission, y compris le recours éventuel à des experts ; - le cas échéant, la coordination des travaux avec les interventions d'experts ou d'autres professionnels chargés du contrôle des comptes des entités comprises dans le périmètre de consolidation. 04. Lorsque le commissariat aux comptes est exercé par plusieurs commissaires aux comptes, les éléments relatifs à la planification de l'audit sont définis de manière concertée. 05. Lorsque le commissaire aux comptes est conduit à certifier à la fois les comptes annuels et les comptes consolidés d'une entité, la planification reflète l'approche générale et les travaux prévus au titre de l'audit des comptes annuels et des comptes consolidés. 06. La planification est réalisée de façon à permettre au commissaire aux comptes, notamment sur la base d'échanges entre le signataire et les autres membres clés de l'équipe d'audit, de porter une attention appropriée aux aspects de l'audit qu'il considère essentiels, d'identifier et de résoudre les problèmes potentiels dans des délais adaptés et d'organiser la mission de façon efficace. 07. La planification est engagée : - après la mise en œuvre des vérifications liées à l'acceptation et au maintien de la mission, en particulier de celles liées aux règles déontologiques ; - après prise de contact avec le commissaire aux comptes prédécesseur dans le respect des règles de déontologie et de secret professionnel, en cas de changement de commissaire aux comptes ; - avant la mise en œuvre des procédures d'audit. 08. Le commissaire aux comptes établit par écrit un plan de mission et un programme de travail relatifs à l'audit des comptes de l'exercice. Ces documents reprennent les principaux éléments de la planification et font partie, conformément aux dispositions de l'article D. 821-186 du code de commerce, du dossier du commissaire aux comptes. 09. Ces documents sont établis en tenant compte de la forme juridique de l'entité contrôlée, de sa taille, de la nature de ses activités, du contrôle éventuellement exercé par l'autorité publique, de la complexité de la mission, de la méthodologie et des techniques spécifiques utilisées par le commissaire aux comptes. Plan de mission 10. Le plan de mission décrit l'approche générale des travaux, qui comprend notamment : - l'étendue, le calendrier et l'orientation des travaux ; - le ou les seuils de signification retenus ; et - les lignes directrices nécessaires à la préparation du programme de travail. Programme de travail 11. Le programme de travail définit la nature et l'étendue des diligences estimées nécessaires, au cours de l'exercice, à la mise en œuvre du plan de mission, compte tenu des prescriptions légales et des normes d'exercice professionnel ; il indique le nombre d'heures de travail affectées à l'accomplissement de ces diligences. Modifications apportées au plan de mission et au programme de travail 12. Sur la base des éléments collectés lors de la mise en œuvre des procédures d'audit, le commissaire aux comptes peut décider de modifier les éléments planifiés et consignés dans le plan de mission et le programme de travail. Il peut être ainsi amené à modifier son approche générale, à revoir ses choix et à prévoir des travaux complémentaires ou différents. 13. Ces modifications ainsi que les raisons qui les ont motivées sont consignées dans le dossier du commissaire aux comptes. Communication 14. A ce stade, le commissaire aux comptes peut s'entretenir des questions relatives à la planification avec les personnes appropriées au sein de l'entité.",,
WEAKNEG_0029,article_neg_00051,Code de commerce,L233-10,LEGIARTI000022963032,article_id::legiarti000022963032,low_clean_candidate_not_in_gold,"I.-Sont considérées comme agissant de concert les personnes qui ont conclu un accord en vue d'acquérir, de céder ou d'exercer des droits de vote, pour mettre en œuvre une politique commune vis-à-vis de la société ou pour obtenir le contrôle de cette société. II.-Un tel accord est présumé exister : 1° Entre une société, le président de son conseil d'administration et ses directeurs généraux ou les membres de son directoire ou ses gérants ; 2° Entre une société et les sociétés qu'elle contrôle au sens de l'article L. 233-3 ; 3° Entre des sociétés contrôlées par la même ou les mêmes personnes ; 4° Entre les associés d'une société par actions simplifiée à l'égard des sociétés que celle-ci contrôle ; 5° Entre le fiduciaire et le bénéficiaire d'un contrat de fiducie, si ce bénéficiaire est le constituant. III.-Les personnes agissant de concert sont tenues solidairement aux obligations qui leur sont faites par les lois et règlements.",,
WEAKNEG_0030,article_neg_00231,Code général des impôts,119 quater,LEGIARTI000006302662,article_id::legiarti000006302662,low_clean_candidate_not_in_gold,"1. La retenue à la source prévue au 1 de l'article 119 bis ainsi que le prélèvement prévu au III de l'article 125 A ne sont pas applicables aux intérêts entendus, pour l'application du présent article, comme les revenus des créances de toute nature, à l'exclusion des pénalités pour paiement tardif, payés par une société anonyme, une société par actions simplifiée, une société en commandite par actions, une société à responsabilité limitée, un établissement public à caractère industriel ou commercial ou une entreprise publique qui est passible de l'impôt sur les sociétés sans en être exonéré ou un établissement stable satisfaisant aux mêmes conditions d'imposition et dépendant d'une personne morale qui remplit les conditions énumérées aux a à c du 2, à une personne morale qui est son associée ou à un établissement stable dépendant d'une personne morale qui est son associée. Pour l'application du présent article, la qualité de personne morale associée d'une autre personne morale est reconnue à toute personne morale lorsqu'elle détient une participation directe d'au moins 25 % dans le capital de l'autre personne morale ou lorsque l'autre personne morale détient une participation directe d'au moins 25 % dans son capital ou lorsqu'une troisième personne morale détient une participation directe d'au moins 25 % dans son capital et dans le capital de l'autre personne morale et à condition dans tous les cas que cette participation soit détenue de façon ininterrompue depuis deux ans au moins ou fasse l'objet d'un engagement selon lequel elle sera conservée de façon ininterrompue pendant un délai de deux ans au moins. Si cet engagement est pris par une personne morale qui n'a pas son siège de direction effective en France, il donne lieu à la désignation d'un représentant qui est responsable du paiement de la retenue à la source mentionnée au premier alinéa en cas de non-respect de cet engagement. Dans le cas où les intérêts sont payés par un établissement stable, la personne morale bénéficiaire ou la personne morale dont dépend l'établissement stable bénéficiaire est considérée comme associée de l'établissement payeur si elle est associée de la personne morale dont il dépend. 2. Pour bénéficier de l'exonération prévue au premier alinéa du 1, la personne morale bénéficiaire doit justifier auprès du débiteur ou de la personne qui assure le paiement de ces revenus qu'elle en est le bénéficiaire effectif et qu'elle remplit les conditions suivantes : a. Avoir son siège de direction effective dans un Etat membre de la Communauté européenne ; b. Revêtir l'une des formes énumérées sur une liste établie par arrêté du ministre chargé de l'économie conformément à l'annexe à la directive 2003/49/CE du Conseil du 3 juin 2003 concernant un régime fiscal commun applicable aux paiements d'intérêts et de redevances effectués entre les sociétés associées d'Etats membres différents ; c. Etre passible, y compris au titre de ces revenus, dans l'Etat membre où elle a son siège de direction effective, de l'impôt sur les sociétés de cet Etat sans en être exonérée ; d. Lorsque la reconnaissance de sa qualité de société associée du débiteur de ces revenus en dépend, détenir la participation mentionnée au deuxième alinéa du 1. Si le bénéficiaire des revenus est un établissement stable, il doit justifier auprès du débiteur ou de la personne qui assure le paiement des revenus qu'il est le bénéficiaire effectif de ces revenus, que ces revenus sont soumis dans l'Etat membre où il se situe à l'impôt sur les sociétés ou à un impôt équivalent de cet Etat et que la personne morale dont il dépend remplit les conditions énoncées aux a à d. 3. Les dispositions du 1 ne s'appliquent pas lorsque les revenus payés bénéficient à une personne morale ou à un établissement stable d'une personne morale contrôlée directement ou indirectement par un ou plusieurs résidents d'Etats qui ne sont pas membres de la Communauté européenne et si la chaîne de participations a comme objet principal ou comme un de ses objets principaux de tirer avantage des dispositions du 1. Lorsqu'en raison des relations spéciales existant entre le payeur et le bénéficiaire effectif des intérêts ou de celles que l'un et l'autre entretiennent avec un tiers, le montant des intérêts excède le montant dont seraient convenus le payeur et le bénéficiaire effectif en l'absence de telles relations, les dispositions du 1 ne s'appliquent qu'à ce dernier montant. 4. Un décret précise en tant que de besoin les modalités d'application des présentes dispositions.",,
WEAKNEG_0031,article_neg_00006,Code de commerce,L233-4,LEGIARTI000006229191,article_id::legiarti000006229191,low_clean_candidate_not_in_gold,Toute participation au capital même inférieure à 10 % détenue par une société contrôlée est considérée comme détenue indirectement par la société qui contrôle cette société.,,
WEAKNEG_0032,article_neg_00351,Code général des impôts,1395 B bis,LEGIARTI000033029939,article_id::legiarti000033029939,low_clean_candidate_not_in_gold,"I. – Les propriétés non bâties classées dans les deuxième et sixième catégories définies à l'article 18 de l'instruction ministérielle du 31 décembre 1908 et situées dans les zones humides définies au 1° du I de l'article L. 211-1 du code de l'environnement sont exonérées de la taxe foncière sur les propriétés non bâties perçue au profit des communes et de leurs établissements publics de coopération intercommunale à concurrence de 50 % lorsqu'elles figurent sur une liste dressée par le maire sur proposition de la commission communale des impôts directs et qu'elles font l'objet d'un engagement de gestion pendant cinq ans portant notamment sur le non-retournement des parcelles et la préservation de l'avifaune, sans exclure la pratique de la chasse, sous réserve que celle-ci soit associée à la préservation et à l'entretien des habitats. L'exonération est applicable pendant cinq ans à compter de l'année qui suit celle de la signature de l'engagement et est renouvelable. Elle ne concerne pas les propriétés non bâties exonérées en application des articles 1394 B et 1649 du présent code. La liste des parcelles bénéficiant de l'exonération ainsi que les modifications qui sont apportées à cette liste sont communiquées par le maire à l'administration des impôts avant le 1er septembre de l'année qui précède l'année d'imposition. Cette liste ainsi que les modifications qui y sont apportées sont affichées en mairie. Pour bénéficier de l'exonération, le propriétaire doit fournir au service des impôts, avant le 1er janvier de la première année au titre de laquelle l'exonération est applicable ou renouvelable, l'engagement souscrit pour les parcelles lui appartenant inscrites sur la liste dressée par le maire. Pour les parcelles données à bail en application des articles L. 411-1 et suivants du code rural et de la pêche maritime, l'engagement doit être cosigné par le preneur. Les modalités de cet engagement sont définies par décret en Conseil d'Etat. En cas d'inscription erronée sur la liste ou lorsque les conditions pour bénéficier de l'exonération ne sont pas respectées, les impositions en résultant sont établies au profit de l'Etat, dans les conditions prévues à l'article L. 173 du livre des procédures fiscales. II. – L'exonération des propriétés non bâties prévue au I du présent article est portée à 100 % pour les propriétés non bâties situées dans les zones naturelles relevant des articles L. 211-3, L. 322-1 à L. 322-14, L. 331-1 à L. 333-4, L. 341-1 à L. 341-15-1, L. 411-1, L. 411-2 et L. 414-1 à L. 414-7 du code de l'environnement. L'engagement de gestion pendant cinq ans porte sur le non-retournement des parcelles en cause et sur le respect des chartes et documents de gestion ou d'objectifs approuvés au titre des réglementations visées précédemment. En cas de coexistence sur une même commune de parcelles pouvant bénéficier de l'exonération de 50 % et de l'exonération de 100 %, deux listes correspondant à chacune des exonérations applicables doivent être dressées par le maire sur proposition de la commission communale des impôts directs.",,
WEAKNEG_0033,article_neg_00418,Code général des impôts,286,LEGIARTI000051764897,article_id::legiarti000051764897,low_clean_candidate_not_in_gold,"I.-Toute personne assujettie à la taxe sur la valeur ajoutée doit : 1° Dans les quinze jours du commencement de ses opérations, souscrire au bureau désigné par un arrêté une déclaration conforme au modèle fourni par l'administration. Une déclaration est également obligatoire en cas de cessation d'entreprise ; 2° Fournir, sur un imprimé remis par l'administration, tous renseignements relatifs à son activité professionnelle ; 3° Si elle ne tient pas habituellement une comptabilité permettant de déterminer son chiffre d'affaires tel qu'il est défini par le présent chapitre, avoir un livre aux pages numérotées sur lequel elle inscrit, jour par jour, sans blanc ni rature, le montant de chacune de ses opérations, en distinguant, au besoin, ses opérations taxables et celles qui ne le sont pas. Chaque inscription doit indiquer la date, la désignation sommaire des objets vendus, du service rendu ou de l'opération imposable, ainsi que le prix de la vente ou de l'achat, ou le montant des courtages, commissions, remises, salaires, prix de location, intérêts, escomptes, agios ou autres profits. Toutefois, les opérations au comptant peuvent être inscrites globalement en comptabilité à la fin de chaque journée lorsqu'elles sont inférieures à 76 € pour les ventes au détail et les services rendus à des particuliers. Le montant des opérations inscrites sur le livre est totalisé à la fin du mois. Le livre prescrit ci-dessus ou la comptabilité en tenant lieu, ainsi que les pièces justificatives des opérations effectuées par les redevables, notamment les factures d'achat, doivent être conservés selon les modalités prévues aux I et I bis de l'article L. 102 B du livre des procédures fiscales ; 3° bis Si elle effectue des livraisons de biens et des prestations de services ne donnant pas lieu à facturation conformément à l'article 289 du présent code et enregistre ces opérations au moyen d'un logiciel ou d'un système de caisse, utiliser un logiciel ou un système satisfaisant à des conditions d'inaltérabilité, de sécurisation, de conservation et d'archivage des données en vue du contrôle de l'administration fiscale, attestées par un certificat délivré par un organisme accrédité dans les conditions prévues à l'article L. 433-4 du code de la consommation ; 4° Fournir aux agents des impôts, ainsi qu'à ceux des autres services financiers désignés par décrets, pour chaque catégorie d'assujettis, tant au principal établissement que dans les succursales ou agences, toutes justifications nécessaires à la fixation des opérations imposables, sans préjudice des dispositions de l'article L. 85 du livre des procédures fiscales. II.-1-0. Les assujettis bénéficiant d'une franchise de taxe relevant de l'article 293 B bis sont dispensés des obligations mentionnées aux 1° et 2° du I du présent article lorsqu'ils remplissent, dans l'Etat membre d'établissement, les obligations prévues par les dispositions transposant, dans cet Etat membre, les 1 et 2 de l'article 284 ter de la directive 2006/112/ CE du Conseil du 28 novembre 2006 relative au système commun de taxe sur la valeur ajoutée. 1. Les assujettis bénéficiant d'une franchise de taxe mentionnée aux articles 293 B et 293 B bis sont dispensés des obligations mentionnées au 3° du I. Ils doivent toutefois tenir et, sur demande du service des impôts, présenter un registre récapitulé par année, présentant le détail de leurs achats, ainsi qu'un livre-journal servi au jour le jour et présentant le détail de leurs recettes professionnelles afférentes à ces opérations, appuyés des factures et de toutes autres pièces justificatives. 2. Les assujettis bénéficiant d'une franchise de taxe mentionnée aux articles 293 B et 293 B bis, ceux placés sous le régime du remboursement forfaitaire prévu aux articles 298 quater et 298 quinquies et ceux effectuant exclusivement des opérations ou des prestations exonérées de taxe sur la valeur ajoutée sont dispensés de l'obligation mentionnée au 3° bis du I. III.-L'option formulée au titre du III de l'article 256 C vaut déclaration au sens des 1° et 2° du I du présent article pour l'assujetti unique constitué en application de l'article 256 C. Elle précise la dénomination, la domiciliation et le représentant de l'assujetti unique ainsi que la nature des activités de chacun de ses membres. La déclaration comporte la liste des membres ainsi que les numéros individuels d'identification à la taxe sur la valeur ajoutée qui leur ont été attribués avant leur entrée dans l'assujetti unique. Chaque membre de l'assujetti unique constitué en application du même article 256 C est tenu de remplir les obligations mentionnées aux 3°, 3° bis et 4° du I du présent article.",,
WEAKNEG_0034,article_neg_00348,Code général des impôts,194,LEGIARTI000033817781,article_id::legiarti000033817781,low_clean_candidate_not_in_gold,"Aux termes de l'article 115 II de la loi n° 2016-1918 du 29 décembre 2016, les présentes dispositions s'appliquent à compter de l'imposition des revenus de l'année 2017. I. Le nombre de parts à prendre en considération pour la division du revenu imposable prévue à l'article 193 est déterminé conformément aux dispositions suivantes : SITUATION DE FAMILLE NOMBRE DE PARTS Célibataire, divorcé ou veuf sans enfant à charge 1 Marié sans enfant à charge 2 Célibataire ou divorcé ayant un enfant à charge 1,5 Marié ou veuf ayant un enfant à charge 2,5 Célibataire ou divorcé ayant deux enfants à charge 2 Marié ou veuf ayant deux enfants à charge 3 Célibataire ou divorcé ayant trois enfants à charge 3 Marié ou veuf ayant trois enfants à charge 4 Célibataire ou divorcé ayant quatre enfants à charge 4 Marié ou veuf ayant quatre enfants à charge 5 Célibataire ou divorcé ayant cinq enfants à charge 5 Marié ou veuf ayant cinq enfants à charge 6 Célibataire ou divorcé ayant six enfants à charge 6 et ainsi de suite, en augmentant d'une part par enfant à charge du contribuable. Lorsque les époux font l'objet d'une imposition séparée en application du 4 de l'article 6, chacun d'eux est considéré comme un célibataire ayant à sa charge les enfants dont il assume à titre principal l'entretien. Dans cette situation, ainsi qu'en cas de divorce, de rupture du pacte civil de solidarité ou de toute séparation de fait de parents non mariés, l'enfant est considéré, jusqu'à preuve du contraire, comme étant à la charge du parent chez lequel il réside à titre principal. En cas de résidence alternée au domicile de chacun des parents et sauf disposition contraire dans la convention de divorce mentionnée à l'article 229-1 du code civil, la convention homologuée par le juge, la décision judiciaire ou, le cas échéant, l'accord entre les parents, les enfants mineurs sont réputés être à la charge égale de l'un et de l'autre parent. Cette présomption peut être écartée s'il est justifié que l'un d'entre eux assume la charge principale des enfants. Lorsque les enfants sont réputés être à la charge égale de chacun des parents, ils ouvrent droit à une majoration de : a) 0,25 part pour chacun des deux premiers et 0,5 part à compter du troisième, lorsque par ailleurs le contribuable n'assume la charge exclusive ou principale d'aucun enfant ; b) 0,25 part pour le premier et 0,5 part à compter du deuxième, lorsque par ailleurs le contribuable assume la charge exclusive ou principale d'un enfant ; c) 0,5 part pour chacun des enfants, lorsque par ailleurs le contribuable assume la charge exclusive ou principale d'au moins deux enfants. Pour l'application des dispositions du premier alinéa, sont assimilées à des enfants à charge les personnes considérées comme étant à la charge du contribuable en vertu de l'article 196 A bis. II. Pour l'imposition des contribuables célibataires ou divorcés qui vivent seuls, le nombre de parts prévu au I est augmenté de 0,5 lorsqu'ils supportent à titre exclusif ou principal la charge d'au moins un enfant. Lorsqu'ils entretiennent uniquement des enfants dont la charge est réputée également partagée avec l'autre parent, la majoration est de 0,25 pour un seul enfant et de 0,5 si les enfants sont au moins deux. Ces dispositions s'appliquent nonobstant la perception éventuelle d'une pension alimentaire versée en vertu d'une convention de divorce par consentement mutuel déposée au rang des minutes d'un notaire ou d'une décision de justice pour l'entretien desdits enfants.",,
WEAKNEG_0035,article_neg_00161,"Code général des impôts, annexe II",260 B,LEGIARTI000006294551,article_id::legiarti000006294551,low_clean_candidate_not_in_gold,Les opérations de vente prévues à l'article 260 A sont considérées comme constituant globalement une entreprise distincte de l'activité agricole non assujettie à la taxe sur la valeur ajoutée.,,
WEAKNEG_0036,article_neg_00108,Code de commerce,R642-40,LEGIARTI000045921279,article_id::legiarti000045921279,low_clean_candidate_not_in_gold,"En application de l'article L. 642-22-1, la publicité des cessions d'entreprises et des réalisations d'actifs est faite par les mandataires de justice au moyen d'un service informatique accessible par l'internet. Toute cession d'entreprise fait l'objet d'une publicité par voie de presse. Son étendue est définie par le juge-commissaire. Le juge-commissaire détermine s'il y a lieu d'effectuer une publicité par voie de presse pour les actifs de faible valeur. Le liquidateur, ou l'administrateur lorsqu'il en a été désigné, communique au greffe les caractéristiques essentielles de l'entreprise ou de la ou des branches d'activité susceptibles d'être cédées. Tout intéressé peut prendre connaissance de ces informations au greffe. Pour l'application du deuxième alinéa de l'article L. 642-2, le tribunal s'assure que, compte tenu de la nature de l'activité en cause, les démarches effectuées par le mandataire ad hoc ou le conciliateur désigné en application des articles L. 611-3 ou L. 611-6 ont assuré une publicité suffisante de la préparation de la cession.",,
WEAKNEG_0037,article_neg_00204,"Code général des impôts, annexe IV",56 AC,LEGIARTI000006300610,article_id::legiarti000006300610,low_clean_candidate_not_in_gold,"Chaque fournisseur recouvre auprès des débitants la valeur au prix de détail des tabacs livrés, déduction faite de la remise nette. La remise nette s'entend de la remise mentionnée au 3° du I de l'article 570 du code général des impôts moins le précompte défini à l'article 281 de l'annexe II au code général des impôts.",,
WEAKNEG_0038,article_neg_00129,Code de commerce,L822-21,LEGIARTI000048531328,article_id::legiarti000048531328,low_clean_candidate_not_in_gold,"Conformément à l'article 32 de l'ordonnance n° 2023-1142 du 6 décembre 2023, ces dispositions entrent en vigueur le 1er janvier 2024. I.-Lorsqu'une entité d'intérêt public désigne un organisme tiers indépendant unique, celui-ci ne peut procéder à la certification des informations en matière de durabilité de l'entité d'intérêt public pendant une période supérieure à dix ans. Toutefois, au terme de cette période, il peut être nommé pour un nouveau mandat d'une durée de six exercices, à la condition que soient respectées les conditions définies aux paragraphes 2 à 5 de l'article 16 du règlement (UE) n° 537/2014 du 16 avril 2014. II.-La durée du mandat prévue au premier alinéa du I peut être prolongée jusqu'à une durée maximale de vingt-quatre ans lorsque, au terme de cette période, l'entité d'intérêt public, de manière volontaire, recourt à plusieurs organismes tiers indépendants ou à un organisme tiers indépendant et un commissaire aux comptes, dans les conditions prévues au b du 4 de l'article 17 du règlement (UE) n° 537/2014 précité, dès lors qu'ils présentent un rapport conjoint sur la certification des informations en matière de durabilité. III.-A l'issue des mandats mentionnés aux I et II, la Haute autorité de l'audit peut, à titre exceptionnel et si les conditions définies au paragraphe 6 de l'article 17 du même règlement sont remplies, autoriser l'entité d'intérêt public qui en fait la demande à prolonger le mandat de l'organisme tiers indépendant pour une durée supplémentaire qui ne peut excéder deux années. IV.-L'organisme tiers indépendant ou, le cas échéant, un membre de son réseau au sein de l'Union européenne ne peut accepter de mandat auprès de l'entité d'intérêt public pour laquelle il a procédé à la certification des informations en matière de durabilité avant l'expiration d'une période de quatre ans suivant la fin de son mandat. V.-Pour l'application du présent article la durée de la mission est calculée conformément aux prescriptions du même article 17. La Haute autorité peut être saisie par tout organisme tiers indépendant d'une question relative à la détermination de la date de départ du mandat initial.",,
WEAKNEG_0039,article_neg_00179,"Code général des impôts, annexe II",167,LEGIARTI000030695313,article_id::legiarti000030695313,low_clean_candidate_not_in_gold,"Lorsque la cession d'actions ou de parts de sociétés visées à l'article 1655 ter du code général des impôts porte sur des titres donnant droit à l'attribution d'immeuble ou de fraction d'immeuble non encore achevé, cette cession peut néanmoins être assimilée à une vente d'immeuble achevé pour l'application du II de l'article 219 et del'article 238 octies dudit code lorsque les conditions suivantes sont remplies : a) La cession est postérieure à l'achèvement des fondations de l'immeuble ; b) Le contrat de cession qui devra revêtir la forme d'un acte authentique à compter d'une date qui sera fixée par arrêté du ministre de l'économie et des finances précise : 1° La consistance et les conditions techniques d'exécution des travaux ; 2° Le prix à payer au cédant tant pour la cession des titres que pour le remboursement des sommes qu'il a déjà versées à la société ; 3° Les versements qui restent à faire à la société pour achever l'immeuble ou la fraction d'immeuble auquel les actions ou parts cédées donnent vocation à la date de la cession, sous réserve de l'application au coût de construction des clauses de variation stipulées dans les marchés et les contrats conclus par la société ; c) Le cédant s'engage vis-à-vis du cessionnaire à couvrir les appels de fonds de la société correspondant au coût de construction dans la mesure où les versements exigés à ce titre excéderaient le montant des versements définis au 3° du b. Cet engagement doit être garanti par une caution solidaire donnée par un établissement de crédit, une société de financement ou une société de caution mutuelle constituée conformément aux dispositions des articles L. 512-2, L. 512-20, L. 515-4 et L. 513-2 du code monétaire et financier. A défaut de pouvoir fournir cette caution, l'intéressé doit constituer un cautionnement en numéraire dans un organisme habilité à cet effet et désigné dans le contrat. Le montant de ce cautionnement doit être au moins égal à 10 % du montant des versements restant à faire à la société tels qu'ils sont définis au 3° du b. Le cautionnement doit être maintenu jusqu'à la date de règlement des comptes de construction de la société. Toutefois, il peut être libéré à l'expiration d'un délai d'un an après l'achèvement de l'immeuble ou de la fraction d'immeuble représenté par les actions ou parts cédées, si le cessionnaire n'a intenté aucune action dans ce délai à l'encontre du cédant ; d) La société de construction doit intervenir à l'acte de cession et justifier qu'elle bénéficie de l'engagement pris par un établissement de crédit, une société de financement ou une société de caution mutuelle constituée conformément aux dispositions des articles L. 512-2, L. 512-20, L. 515-4 et L. 513-2 du code monétaire et financier, de répondre aux appels de fonds de la société en cas de défaillance des associés.",,
WEAKNEG_0040,article_neg_00183,"Code général des impôts, annexe II",337,LEGIARTI000045128749,article_id::legiarti000045128749,low_clean_candidate_not_in_gold,"I.-Le département est découpé en secteurs d'évaluation correspondant à des zones géographiques caractérisées par l'homogénéité du marché locatif. Le nombre de secteurs d'évaluation d'un département et leur périmètre géographique sont les mêmes pour toutes les catégories de locaux mentionnées à l'article 310 Q. II.-Les secteurs d'évaluation sont déterminés selon la méthode suivante : 1° La catégorie de locaux la plus représentée dans le département est déterminée ; elle est celle qui regroupe le plus grand nombre de locaux professionnels parmi les catégories des sous-groupes I, II et IV de l'article 310 Q. Si le nombre de locaux le plus élevé est rencontré pour des locaux relevant de plusieurs de ces sous-groupes, le sous-groupe dont le numéro de classement figurant à l'article 310 Q est le plus faible est retenu. Si le nombre de locaux le plus élevé est rencontré pour des locaux relevant de plusieurs catégories de ce sous-groupe, la catégorie dont le numéro de classement figurant à l'article 310 Q est le plus faible est retenue ; 2° Un loyer moyen départemental en euros au mètre carré est ainsi déterminé : a) Le rapport entre la somme des loyers et le nombre de locaux de la catégorie la plus représentée dans le département est calculé ; b) Les locaux de loyer inférieur au dixième du rapport calculé au a ou supérieur à dix fois ce rapport sont exclus. Le loyer moyen départemental est égal au rapport entre la somme des loyers des locaux retenus au terme du b et le nombre de ces locaux ; 3° Les locaux retenus en application du 1° sont répartis en neuf tranches. Chaque tranche correspond à un intervalle avec une borne inférieure et une borne supérieure : -le premier intervalle comprend les locaux dont le loyer en euros par mètre carré est compris entre le loyer le plus faible et 30 % du loyer moyen départemental, arrondi à la décimale inférieure ; -le deuxième intervalle, ceux dont le loyer est compris entre 30 %, arrondi à la décimale supérieure, et 50 % du loyer moyen départemental, arrondi à la décimale inférieure ; -le troisième intervalle, ceux dont le loyer est compris entre 50 %, arrondi à la décimale supérieure, et 70 % du loyer moyen départemental, arrondi à la décimale inférieure ; -le quatrième intervalle, ceux dont le loyer est compris entre 70 %, arrondi à la décimale supérieure, et 90 % du loyer moyen départemental, arrondi à la décimale inférieure ; -le cinquième intervalle, ceux dont le loyer est compris entre 90 %, arrondi à la décimale supérieure, et 110 % du loyer moyen départemental, arrondi à la décimale inférieure ; -le sixième intervalle, ceux dont le loyer est compris entre 110 %, arrondi à la décimale supérieure, et 130 % du loyer moyen départemental, arrondi à la décimale inférieure ; -le septième intervalle, ceux dont le loyer est compris entre 130 %, arrondi à la décimale supérieure, et 150 % du loyer moyen départemental, arrondi à la décimale inférieure ; -le huitième intervalle, ceux dont le loyer est compris entre 150 %, arrondi à la décimale supérieure, et 170 % du loyer moyen départemental, arrondi à la décimale inférieure ; -le neuvième intervalle, ceux dont le loyer est compris entre 170 % du loyer moyen départemental, arrondi à la décimale supérieure, et le loyer le plus élevé ; 4° Le nombre des secteurs d'évaluation est déterminé par regroupement des neuf tranches définies au 3°, de sorte que chacune d'elle inclut un nombre suffisant de locaux. Une tranche est réputée inclure un nombre suffisant de locaux si elle comprend au moins 10 % du nombre total de locaux de la catégorie la plus représentée dans le département et au moins vingt locaux de cette même catégorie. Pour obtenir un nombre suffisant de locaux par secteur d'évaluation, les intervalles définis au 3° sont, le cas échéant, regroupés en partant du premier intervalle. III.-1. Chaque commune est rattachée à un secteur d'évaluation en fonction du loyer moyen communal. Le cas échéant, le rattachement à un secteur d'évaluation est effectué à l'échelle de la section cadastrale de commune en fonction du loyer moyen de la section cadastrale défini comme loyer moyen communal au niveau de la section cadastrale de commune. Le loyer moyen communal et, le cas échéant, le loyer moyen de la section cadastrale sont calculés selon les modalités définies aux 2 et 3 ; 2. En présence dans la commune d'un nombre de loyers de la catégorie de locaux la plus représentée dans le département égal ou supérieur à quatre, un loyer moyen communal est calculé en effectuant le rapport entre la somme des loyers et le nombre des locaux de cette catégorie dans la commune. Si au moins 75 % de ces locaux ont un loyer par mètre carré compris entre 70 % et 130 % du loyer moyen communal ou si le nombre de ces locaux est inférieur ou égal à trente-neuf, l'ensemble de la commune est rattaché à l'un des secteurs d'évaluation défini au II en fonction de son loyer moyen communal. Si moins de 75 % de ces locaux ont un loyer par mètre carré compris entre 70 % et 130 % du loyer moyen communal et si le nombre de ces locaux est égal ou supérieur à quarante, un loyer moyen de chaque section cadastrale est calculé en effectuant le rapport entre la somme des loyers et le nombre des locaux de cette catégorie dans chaque section cadastrale. Chaque section cadastrale est rattachée à l'un des secteurs d'évaluation défini au II en fonction de son loyer moyen de section cadastrale ; 3. En présence dans la commune ou dans la section cadastrale de commune d'un nombre de loyers de la catégorie la plus représentée dans le département inférieur à quatre locaux, le rattachement à un secteur d'évaluation est effectué : 1° Pour la commune, par la détermination d'un loyer moyen communal égal à la moyenne des loyers moyens communaux des communes limitrophes du même département pondérés par les longueurs des limites territoriales de ces communes ; 2° Pour la section cadastrale de commune, par la détermination d'un loyer moyen de la section cadastrale égal à la moyenne des loyers moyens communaux au niveau des sections cadastrales de commune limitrophes de la commune pondérés par les longueurs des limites territoriales de ces sections cadastrales de commune.",,
WEAKNEG_0041,article_neg_00193,"Code général des impôts, annexe II",202 K,LEGIARTI000036416176,article_id::legiarti000036416176,low_clean_candidate_not_in_gold,"Afin de respecter les obligations énumérées au II de l'article 262-0 bis du code général des impôts, les opérateurs de détaxe se conforment aux modalités techniques suivantes : 1° La transmission des données électroniques des bordereaux de vente à l'exportation qui sont émis par l'opérateur de détaxe ou par les vendeurs qui lui sont affiliés à la base informatique douanière est effectuée en temps réel et au plus tard dans l'heure suivant l'émission du bordereau par le vendeur. Le respect de cette obligation est contrôlé par les relevés statistiques issus du système informatique douanier dédié à la détaxe ; 2° L'utilisation d'un système d'évaluation et de gestion des risques liés au processus de détaxe se caractérise par la mise en place d'outils permettant de détecter toute anomalie relative à la transmission, à l'intégration ou à l'intégrité des données des bordereaux de vente à l'exportation. L'opérateur vérifie, de manière régulière, les outils mis en place afin de remédier aux anomalies constatées ; 3° Les conditions de formation et d'information régulières sont considérées comme satisfaites par la mise en place d'outils ou de processus permettant l'acquisition des connaissances juridiques nécessaires par le personnel de l'entreprise et de ses commerçants affiliés, ainsi que la diffusion des informations légales transmises par l'administration des douanes ; 4° Le délai prévu au 4° du II de l'article 262-0 bis du code général des impôts est de trente jours à compter du changement intervenu.",,
WEAKNEG_0042,article_neg_00382,Code général des impôts,1609 sexdecies C,LEGIARTI000051200895,article_id::legiarti000051200895,low_clean_candidate_not_in_gold,"Conformément au II de l'article 105 de la loi n° 2025-127 du 14 février 2025, le I de l'article précité s'applique à compter du 1er janvier 2025. I.-Il est institué une taxe sur les locations en France de phonogrammes musicaux et de vidéomusiques destinés à l'usage privé du public dans le cadre d'une mise à disposition à la demande sur les réseaux en ligne. Pour l'application de la taxe, est assimilée à une activité de location de phonogrammes musicaux ou de vidéomusiques la mise à la disposition du public d'un service offrant, à titre autre qu'accessoire, l'accès à titre onéreux ou à titre gratuit à des enregistrements phonographiques musicaux ou vidéomusicaux, sur demande individuelle formulée par un procédé de communication électronique. Le présent alinéa n'est pas applicable au service gratuit dont l'objet principal est d'assurer la fourniture d'informations relatives à des œuvres musicales et leur promotion auprès du public. Le phonogramme musical s'entend de la fixation d'une œuvre musicale autrement que sous la forme d'une fixation incorporée dans un contenu audiovisuel. La vidéomusique s'entend du contenu audiovisuel qui met en images une œuvre musicale et pour laquelle la séquence d'image fixée présente un caractère accessoire de la musique. L'œuvre musicale s'entend de l'œuvre de l'esprit dont l'originalité résulte de la combinaison de mélodie, d'harmonie ou de rythme créés par des sons perçus simultanément ou successivement. II.-Les services mentionnés au I sont réputés mis à la disposition du public en France lorsqu'ils sont effectués en faveur des personnes qui sont établies ou ont leur domicile ou leur résidence habituelle en France. III.-Sont redevables de la taxe les personnes, qu'elles soient établies en France ou hors de France, qui encaissent les prix, les sommes ou les revenus mentionnés au IV. A cette fin, les contreparties encaissées par une personne autre que le fournisseur qui sont reversées sont réputées être encaissées par le bénéficiaire de ce reversement. Lorsque plusieurs personnes sont redevables au titre d'un même service mentionné au I, le montant de la taxe est établi séparément pour chacune d'elles à partir des seules contreparties qu'elle a encaissées. IV.-La taxe est assise sur le montant hors taxe sur la valeur ajoutée : 1° Du prix acquitté par le public au titre des opérations mentionnées au I ; 2° Des sommes versées par les annonceurs et les parrains pour la diffusion de leurs messages publicitaires sur un service donnant ou permettant l'accès à des enregistrements phonographiques musicaux ou vidéomusicaux ou donnant accès gratuitement à des contenus créés par des utilisateurs privés à des fins de partage et d'échanges au sein de communautés d'intérêts. Ces sommes sont prises en compte à hauteur de 34 % de leur montant. L'assiette est déterminée, chaque année civile, comme la fraction de la somme de ces montants excédant le seuil de 20 millions d'euros. Ce seuil est apprécié séparément pour chaque service mentionné au I. Lorsque plusieurs personnes sont redevables au titre d'un même service mentionné au même I, ce seuil est réparti entre ces redevables en proportion des montants encaissés. V.-Le taux est fixé à 1,2 %. VI.-Le fait générateur intervient à l'achèvement de l'année civile au cours de laquelle des prix, des sommes ou des revenus mentionnés au IV ont été encaissés. La taxe est exigible à chaque encaissement des montants mentionnés au même IV intervenant à compter du dépassement du seuil mentionné au dernier alinéa dudit IV. Elle est constatée, liquidée, recouvrée et contrôlée selon les mêmes procédures et sous les mêmes sanctions, garanties, sûretés et privilèges que la taxe sur la valeur ajoutée. Les réclamations sont présentées, instruites et jugées selon les règles applicables à cette même taxe. VII.-Le produit de la taxe est affecté au Centre national de la musique dans la limite d'un plafond annuel.",,
WEAKNEG_0043,article_neg_00432,Code de la consommation,L314-6,LEGIARTI000032303335,article_id::legiarti000032303335,low_clean_candidate_not_in_gold,"Constitue un prêt usuraire tout prêt conventionnel consenti à un taux effectif global qui excède, au moment où il est consenti, de plus du tiers, le taux effectif moyen pratiqué au cours du trimestre précédent par les établissements de crédit et les sociétés de financement pour des opérations de même nature comportant des risques analogues, telles que définies par l'autorité administrative après avis du Comité consultatif du secteur financier. Les catégories d'opérations pour les prêts aux particuliers n'entrant pas dans le champ d'application du 1° de l'article L. 313-1 ou ne constituant pas une opération de crédit d'un montant supérieur à 75 000 euros destiné à financer, pour les immeubles à usage d'habitation ou à usage professionnel et d'habitation, les dépenses relatives à leur réparation, leur amélioration ou leur entretien sont définies à raison du montant des prêts. Les crédits accordés à l'occasion de ventes à tempérament sont, pour l'application de la présente section, assimilés à des prêts conventionnels et considérés comme usuraires dans les mêmes conditions que les prêts d'argent ayant le même objet.",,
WEAKNEG_0044,article_neg_00327,Code général des impôts,256 bis,LEGIARTI000044983608,article_id::legiarti000044983608,low_clean_candidate_not_in_gold,"Conformément au III de l'article 30 de la loi n° 2021-1900 du 30 décembre 2021, ces dispositions entrent en vigueur le 1er juillet 2022. I. - 1° Sont également soumises à la taxe sur la valeur ajoutée les acquisitions intracommunautaires de biens meubles corporels effectuées à titre onéreux par un assujetti agissant en tant que tel ou par une personne morale non assujettie lorsque le vendeur est un assujetti agissant en tant que tel et qui ne bénéficie pas dans son Etat du régime particulier de franchise des petites entreprises. 1° bis Ne sont pas soumises à la taxe sur la valeur ajoutée les acquisitions de biens effectuées par un assujetti ou une personne morale non assujettie et dont la livraison est exonérée en application des 2° à 6° du II de l'article 262 ou de l'article 262-00 bis 2° Sous réserve de ne pas excéder le seuil ci-après indiqué, ne sont pas soumises à la taxe sur la valeur ajoutée les acquisitions de biens autres que des moyens de transport neufs ou des produits soumis à accise effectuées : a) Par une personne morale non assujettie ; b) Par un assujetti qui ne réalise que des opérations n'ouvrant pas droit à déduction ; c) Par un exploitant agricole placé sous le régime du remboursement forfaitaire prévu aux articles 298 quater et 298 quinquies. Ces dispositions ne sont applicables que lorsque le montant des acquisitions réalisées par les personnes mentionnées ci-dessus n'a pas excédé, au cours de l'année civile précédente, ou n'excède pas, pendant l'année civile en cours au moment de l'acquisition, le seuil de 10 000 €. Ce montant est égal à la somme, hors taxe sur la valeur ajoutée, des acquisitions de biens, autres que des moyens de transport neufs ou des produits soumis à accise, ayant donné lieu à une livraison de biens située dans un autre Etat membre de l'Union européenne, en application des dispositions de la législation de cet Etat prise pour la mise en oeuvre des articles 31 à 39 de la directive 2006/112/CE du Conseil du 28 novembre 2006. 2° bis Les acquisitions intracommunautaires de biens d'occasion d'oeuvres d'art, d'objets de collection ou d'antiquité effectuées à titre onéreux par un assujetti agissant en tant que tel ou par une personne morale non assujettie ne sont pas soumises à la taxe sur la valeur ajoutée lorsque le vendeur ou l'assujetti est un assujetti revendeur qui a appliqué dans l'Etat membre de départ de l'expédition ou du transport du bien les dispositions de la législation de cet Etat prises pour la mise en oeuvre des articles 312 à 325 ou 333 à 341 de la directive 2006/112/CE du Conseil du 28 novembre 2006. 3° Est considérée comme acquisition intracommunautaire l'obtention du pouvoir de disposer comme un propriétaire d'un bien meuble corporel expédié ou transporté en France par le vendeur, par l'acquéreur ou pour leur compte, à destination de l'acquéreur à partir d'un autre Etat membre de l'Union européenne. Est également considérée comme acquisition intracommunautaire l'obtention, par l'assujetti destinataire de la livraison, du pouvoir de disposer comme un propriétaire des biens expédiés ou transportés dans les conditions prévues au 2 de l'article 17 bis de la directive 2006/112/ CE du Conseil du 28 novembre 2006 relative au système commun de taxe sur la valeur ajoutée dans les douze mois suivant l'arrivée des biens en France. 4° N'est pas assimilée à une acquisition intracommunautaire de biens l'affectation en France par un assujetti d'un bien de son entreprise en provenance d'un autre Etat membre sous le régime des stocks sous contrat de dépôt prévu à l'article 17 bis de la directive 2006/112/ CE du Conseil du 28 novembre 2006 précitée. II. - Est assimilée à une acquisition intracommunautaire effectuée à titre onéreux : 1° (Abrogé par la loi 95-1347). 2° L'affectation en France par un assujetti pour les besoins de son entreprise d'un bien de son entreprise expédié ou transporté à partir d'un autre Etat membre, à l'exception d'un bien qui, en France, est destiné : a) A être utilisé temporairement pour les besoins de prestations de services effectuées par l'assujetti ou dans des conditions qui lui ouvriraient droit, s'il était importé, au bénéfice de l'admission temporaire en exonération totale de droits ; b) A faire l'objet de travaux, à condition que le bien soit réexpédié ou transporté à destination de l'assujetti dans l'Etat membre de l'expédition ou du transport ; c) A faire l'objet d'une installation ou d'un montage. d) A faire l'objet de livraisons à bord des moyens de transport, effectués par l'assujetti, dans les conditions mentionnées au d du I de l'article 258. N'est pas assimilée à une acquisition intracommunautaire l'affectation en France de gaz naturel, d'électricité, de chaleur ou de froid à partir d'un autre Etat membre pour les besoins d'une livraison imposable dans les conditions mentionnées au III de l'article 258. 3° La réception en France, par une personne morale non assujettie, d'un bien qu'elle a importé sur le territoire d'un autre Etat membre de l'Union européenne. 4° L'affectation de biens par les forces armées stationnées ou séjournant en France, à leur usage ou à l'usage de l'élément civil qui les accompagne, lorsque l'une des conditions suivantes est remplie : a) Ces forces sont les forces armées françaises et ont acquis ces biens en exonération dans un Etat membre de l'Union européenne autre que la France, en raison de leur affectation soit à un effort de défense mené en vue de la mise en œuvre d'une activité de l'Union européenne dans le cadre de la politique de sécurité et de défense commune, soit à l'effort commun de défense prévu par le traité de l'Atlantique Nord ; b) Ces forces relèvent d'un autre Etat partie au traité de l'Atlantique Nord, ne sont pas affectées à l'effort commun de défense prévu par ce traité et ont acquis ces biens en exonération en dehors de l'Etat membre de l'Union européenne dont elles relèvent en raison de leur affectation à cet effort commun de défense. III. - Un assujetti, agissant en son nom propre mais pour le compte d'autrui, qui s'entremet dans une acquisition intracommunautaire, est réputé avoir personnellement acquis et livré le bien.",,
WEAKNEG_0045,article_neg_00040,Code de commerce,L621-4,LEGIARTI000044052575,article_id::legiarti000044052575,low_clean_candidate_not_in_gold,"Conformément au I de l'article 73 de l'ordonnance n° 2021-1193 du 15 septembre 2021, ces dispositions entrent en vigueur le 1er octobre 2021. Elles ne sont pas applicables aux procédures en cours au jour de l'entrée en vigueur de ladite ordonnance. Dans le jugement d'ouverture, le tribunal désigne le juge-commissaire dont les fonctions sont définies à l'article L. 621-9. Il peut, en cas de nécessité, en désigner plusieurs. Le président du tribunal, s'il a connu du débiteur en application du titre Ier du présent livre, ne peut être désigné juge-commissaire. Il invite le comité social et économique à désigner un représentant parmi les salariés de l'entreprise. En l'absence de comité social et économique, les salariés élisent leur représentant, qui exerce les fonctions dévolues à ces institutions par les dispositions du présent titre. Les modalités de désignation ou d'élection du représentant des salariés sont précisées par décret en Conseil d'Etat. Lorsque aucun représentant des salariés ne peut être désigné ou élu, un procès-verbal de carence est établi par le débiteur. Dans le même jugement, sans préjudice de la possibilité de nommer un ou plusieurs experts en vue d'une mission qu'il détermine, le tribunal désigne deux mandataires de justice qui sont le mandataire judiciaire et l'administrateur judiciaire, dont les fonctions sont respectivement définies à l'article L. 622-20 et à l'article L. 622-1. Il peut, d'office ou à la demande du ministère public, ou du débiteur et après avoir sollicité les observations du débiteur si celui-ci n'a pas formé la demande, désigner plusieurs mandataires judiciaires ou plusieurs administrateurs judiciaires. Toutefois, le tribunal n'est pas tenu de désigner un administrateur judiciaire lorsque la procédure est ouverte au bénéfice d'un débiteur dont le nombre de salariés et le chiffre d'affaires hors taxes sont inférieurs à des seuils fixés par décret en Conseil d'Etat. Dans ce cas, les dispositions du chapitre VII du présent titre sont applicables. Jusqu'au jugement arrêtant le plan, le tribunal peut, à la demande du débiteur, du mandataire judiciaire ou du ministère public, décider de nommer un administrateur judiciaire. Le ministère public peut soumettre à la désignation du tribunal le nom d'un ou de plusieurs administrateurs et mandataires judiciaires, sur lequel le tribunal sollicite les observations du débiteur. Le rejet de la proposition du ministère public est spécialement motivé. Le débiteur peut proposer le nom d'un ou plusieurs administrateurs. Lorsque la procédure est ouverte à l'égard d'un débiteur qui bénéficie ou a bénéficié d'un mandat ad hoc ou d'une procédure de conciliation dans les dix-huit mois qui précèdent, le ministère public peut en outre s'opposer à ce que le mandataire ad hoc ou le conciliateur soit désigné en qualité d'administrateur ou de mandataire judiciaire. Lorsque la procédure est ouverte à l'égard d'un débiteur dont le nombre de salariés est au moins égal à un seuil fixé par décret en Conseil d'Etat, le tribunal sollicite les observations des institutions mentionnées à l'article L. 3253-14 du code du travail sur la désignation du mandataire judiciaire et de l'administrateur judiciaire. Si le débiteur en fait la demande, le tribunal désigne, en considération de leurs attributions respectives telles qu'elles résultent des dispositions qui leur sont applicables, un commissaire-priseur judiciaire, un huissier de justice, un notaire ou un courtier en marchandises assermenté aux fins de réaliser l'inventaire prévu à l'article L. 622-6. Dans le cas contraire, l'article L. 622-6-1 est applicable. Les mandataires de justice et les personnes mentionnées à l'alinéa précédent font connaître sans délai au tribunal tout élément qui pourrait justifier leur remplacement.",,
WEAKNEG_0046,article_neg_00371,Code général des impôts,278 sexies A,LEGIARTI000049641491,article_id::legiarti000049641491,low_clean_candidate_not_in_gold,"I.-Relèvent des taux réduits mentionnés au II les livraisons à soi-même des travaux suivants : 1° Les travaux d'extension des locaux ou rendant l'immeuble à l'état neuf au sens du 2° du 2 du I de l'article 257, portant sur : a) Les logements locatifs sociaux faisant l'objet d'une convention conditionnant l'application de l'aide personnalisée au logement ; b) Les locaux du secteur social et médico-social mentionnés au IV de l'article 278 sexies, lorsque ces travaux sont pris en compte par la convention prévue au dernier alinéa du même IV ; 2° Les travaux dans le cadre de l'acquisition-amélioration qui sont financés : a) Par un prêt locatif aidé d'intégration ou un prêt locatif à usage social ; b) Ou par un prêt locatif social, lorsque ces travaux consistent en une transformation en logements locatifs sociaux de locaux à usage autre que d'habitation ; 3° Les travaux d'amélioration, de transformation, d'aménagement ou d'entretien, autres que l'entretien des espaces verts, les travaux de nettoyage et les travaux mentionnés au 2° du présent I, portant sur : a) Les logements locatifs sociaux faisant l'objet d'une convention conditionnant l'application de l'aide personnalisée au logement, situés dans un quartier prioritaire de la politique de la ville faisant l'objet d'une convention de renouvellement urbain et dont la construction n'a pas été financée par un prêt locatif social ; b) Les autres logements locatifs sociaux faisant l'objet d'une convention conditionnant l'application de l'aide personnalisée au logement ; c) Les locaux dont la livraison est éligible au taux réduit conformément au 1° du III et au IV de l'article 278 sexies ; 4° Les travaux de démolition des logements mentionnés au a du 3° du présent I, dans le cadre d'une reconstitution de l'offre des logements locatifs sociaux prévue par la convention de renouvellement urbain. Le présent I ne s'applique pas aux travaux pour lesquels l'article 278-0 bis A prévoit un taux réduit inférieur à celui mentionné au II. 5° Les travaux suivants réalisés en vue de la conclusion d'un bail réel solidaire dans les conditions prévues au chapitre V du titre V du livre II du code de la construction et de l'habitation : a) Ceux acquis par un organisme de foncier solidaire et portant sur un immeuble destiné à faire l'objet d'un bail réel solidaire ; b) Ceux acquis par le détenteur des droits réels immobiliers avant qu'ils n'aient été cédés à l'occupant ou que les logements n'aient été mis en location et portant sur un immeuble faisant l'objet d'un bail réel solidaire. 6° Les travaux immobiliers qui remplissent les conditions cumulatives suivantes : a) Ils portent sur des logements qui, à la date de dépôt de l'agrément mentionné au d du présent 6°, sont achevés depuis au moins quarante ans et qui, pendant cette période de quarante ans, remplissent l'une des conditions suivantes : -être un logement locatif social au sens du 1° du I de l'article 278 sexies ; -appartenir à ou être géré par un organisme d'habitations à loyer modéré, sous réserve d'avoir été soit construit, soit amélioré, soit acquis et amélioré avec le concours financier de l'Etat ; b) Ces travaux conduisent à transformer des logements peu performants, très peu performants ou extrêmement peu performants en logements extrêmement performants ou très performants. En métropole, ces niveaux de performance s'entendent au sens de l'article L. 173-1-1 du code de la construction et de l'habitation. En Guadeloupe, en Martinique et à La Réunion, ces niveaux s'entendent de critères de performance énergétique et environnementale déterminés par décret ; c) Les logements résultant de ces travaux respectent les critères de la sécurité d'usage, de qualité sanitaire et d'accessibilité des bâtiments prévus respectivement au chapitre IV du titre III, au titre V et au titre VI du livre Ier du même code. Un décret détermine les situations et les conditions dans lesquelles le respect de tout ou partie de ces critères n'est pas une condition d'éligibilité au taux réduit en raison d'une incompatibilité avec les contraintes architecturales ou patrimoniales pesant sur le bâtiment ou lorsque les travaux nécessaires font courir un risque à l'intégrité du bâti ; d) Les logements et les travaux font l'objet d'une décision d'agrément délivrée par le représentant de l'Etat. II.-Les taux réduits prévus au I sont égaux à : Travaux concernés Subdivision du présent article Taux Travaux dans le cadre d'une opération d'acquisition-amélioration sous certaines conditions de financement 2° du I 5,5 % Autres travaux portant sur des logements locatifs sociaux situés dans les quartiers relevant de la politique de renouvellement urbain a du 3° du I 5,5 % Travaux portant sur les autres logements locatifs sociaux b du 3° du I 10 % Travaux portant sur les logements faisant l'objet d'un contrat de location-accession ou sur les locaux relevant du secteur social et médico-social c du 3° du I 10 % Travaux de démolition portant sur des logements locatifs sociaux situés dans les quartiers relevant de la politique de renouvellement urbain 4° du I 5,5 % Travaux réalisés dans le cadre d'un bail réel solidaire 5° du I 5,5 % Travaux lourds d'amélioration de la qualité énergétique des logements locatifs sociaux d'au moins quarante ans 6° du I 5,5 % Pour les travaux mentionnés au 1° du I, le taux applicable est celui prévu pour la livraison du local sur lequel ils portent, conformément à l'article 278 sexies-0 A. A cette fin, un logement dont la construction n'a été financée ni par un prêt locatif aidé d'intégration, ni par un prêt locatif à usage social, ni par un prêt locatif social est assimilé à un logement dont la construction a été financée par un prêt locatif à usage social.",,
WEAKNEG_0047,article_neg_00175,"Code général des impôts, annexe II",74 S ter,LEGIARTI000029101329,article_id::legiarti000029101329,low_clean_candidate_not_in_gold,"Pour le bénéfice de l'exonération prévue au 5° de l'article 150 VJ du code général des impôts, l'exportateur doit justifier, lors de l'accomplissement des formalités douanières, être fiscalement domicilié hors de France et présenter, selon le cas, l'un des documents suivants : a. un document, tel que prévu par la législation douanière en vigueur, prouvant que le bien a fait antérieurement l'objet d'une importation en France ou dans un autre Etat membre de l'Union européenne par ses soins ; b. (Abrogé) c. un document mentionnant explicitement le bien concerné et établissant que celui-ci a été acquis par voie de succession ou de donation d'une personne résidant en France ou dans un autre Etat membre de l'Union européenne ; d. un document prouvant que le bien a été acquis à titre onéreux, en France ou dans un autre Etat membre de l'Union européenne. En cas d'acquisition auprès d'un professionnel, ce document s'entend de la facture délivrée par ce dernier.",,
WEAKNEG_0048,article_neg_00046,Code de commerce,R521-3,LEGIARTI000044936205,article_id::legiarti000044936205,low_clean_candidate_not_in_gold,"Conformément au I de l'article 15 du décret n° 2021-1887 du 29 décembre 2021, ces dispositions entrent en vigueur le 1er janvier 2023. Toutefois, lesdites dispositions entrent en vigueur le 1er janvier 2022 en ce qu'elles s'appliquent aux hypothèques maritimes et saisies de navires. Pour l'application du présent chapitre, le vendeur du fonds de commerce bénéficiant d'un privilège est désigné par le terme de créancier et l'acquéreur du fonds de commerce grevé est désigné par le terme de débiteur ; le bien loué ou le bien objet du contrat mentionné à l'article L. 624-10 est désigné par le terme de bien grevé.",,
WEAKNEG_0049,article_neg_00286,Code général des impôts,1649 AB,LEGIARTI000041578431,article_id::legiarti000041578431,low_clean_candidate_not_in_gold,"Conformément aux dispositions des 1 et 2 du B du IX de l'article 31 de la loi n° 2017-1837 du 30 décembre 2017, les dispositions de l'article 1649 AB résultant des dispositions du 21° du B du I du même article 31 s'appliquent au titre de l'impôt sur la fortune immobilière dû à compter du 1er janvier 2018. Les dispositions modifiées par ledit B de l'article 31 précité continuent de s'appliquer, dans leur rédaction en vigueur au 31 décembre 2017, à l'impôt de solidarité sur la fortune dû jusqu'au titre de l'année 2017 incluse. I.-L'administrateur d'un trust défini à l'article 792-0 bis dont le constituant ou l'un au moins des bénéficiaires a son domicile fiscal en France ou qui comprend un bien ou un droit qui y est situé, l'administrateur d'un trust défini à l'article 792-0 bis établi ou résidant en dehors de l'Union européenne lorsqu'il acquiert un bien immobilier ou qu'il entre en relation d'affaires en France au sens de l'article L. 561-2-1 du code monétaire et financier ainsi que l'administrateur qui a son domicile fiscal en France sont tenus de déclarer les informations suivantes : 1° La constitution, la modification ou l'extinction, ainsi que le contenu des termes du trust ; 2° Les informations relatives aux nom, prénoms, adresse, date, lieu de naissance et nationalité des bénéficiaires effectifs des trusts, qui s'entendent comme toutes personnes physiques ayant la qualité d'administrateur, de constituant, de bénéficiaire et, le cas échéant, de protecteur ainsi que de toute autre personne physique exerçant un contrôle effectif sur le trust ou exerçant des fonctions équivalentes ou similaires ; 3° La valeur vénale au 1er janvier de l'année : a) Pour les personnes qui ont en France leur domicile fiscal au sens de l'article 4 B, des biens et droits situés en France ou hors de France et des produits capitalisés placés dans le trust ; b) Pour les autres personnes, des seuls biens et droits situés en France et des produits capitalisés placés dans le trust. II.-Les informations mentionnées au I sont conservées dans un registre placé sous la responsabilité du ministre chargé du budget. Les modalités d'application du présent article sont fixées par décret en Conseil d'Etat.",,
WEAKNEG_0050,article_neg_00276,Code général des impôts,223 A,LEGIARTI000048834056,article_id::legiarti000048834056,low_clean_candidate_not_in_gold,"I. – Une société, ci-après désignée par les mots : "" société mère "", peut se constituer seule redevable de l'impôt sur les sociétés dû sur l'ensemble des résultats du groupe formé par elle-même et les sociétés dont elle détient 95 % au moins du capital de manière continue au cours de l'exercice, directement ou indirectement par l'intermédiaire de sociétés ou d'établissements stables membres du groupe, ci-après désignés par les mots : "" sociétés du groupe "", ou de sociétés ou d'établissements stables, ci-après désignés par les mots : "" sociétés intermédiaires "", détenus à 95 % au moins par la société mère de manière continue au cours de l'exercice, directement ou indirectement par l'intermédiaire de sociétés du groupe ou de sociétés intermédiaires. Une société, également désignée par les mots : "" société mère "", dont le capital est détenu, de manière continue au cours de l'exercice, à 95 % au moins par une société ou un établissement stable soumis à un impôt équivalent à l'impôt sur les sociétés dans un Etat membre de l'Union européenne ou dans un autre Etat partie à l'accord sur l'Espace économique européen ayant conclu avec la France une convention d'assistance administrative en vue de lutter contre la fraude et l'évasion fiscales, ci-après désigné par les mots : "" entité mère non résidente "", directement ou indirectement par l'intermédiaire de sociétés ou d'établissements stables détenus à 95 % au moins par l'entité mère non résidente et soumis à un impôt équivalent à l'impôt sur les sociétés dans les mêmes Etats, ci-après désignés par les mots : "" sociétés étrangères "", peut aussi se constituer seule redevable de l'impôt sur les sociétés dû sur l'ensemble des résultats du groupe formé par elle-même et les sociétés détenues par l'entité mère non résidente dans les conditions prévues au premier alinéa du présent I, directement ou indirectement par l'intermédiaire de la société mère, de sociétés étrangères, de sociétés intermédiaires ou de sociétés membres du groupe. Le capital de la société mère mentionnée au même premier alinéa ne doit pas être détenu à 95 % au moins, directement ou indirectement, par une autre personne morale soumise à l'impôt sur les sociétés dans les conditions de droit commun ou selon les modalités prévues à l'article 214. Le capital de l'entité mère non résidente ne doit pas être détenu à 95 % au moins, directement ou indirectement, par une autre personne morale soumise à l'impôt sur les sociétés dans les conditions de droit commun ou selon les modalités prévues au même article 214 ou par une autre personne morale soumise à un impôt équivalent à l'impôt sur les sociétés dans un Etat mentionné au deuxième alinéa du présent I. Le capital de la société mère mentionnée au même deuxième alinéa ne doit pas être détenu indirectement par l'entité mère non résidente par l'intermédiaire de sociétés ou d'établissements stables qui peuvent eux-mêmes se constituer seuls redevables de l'impôt sur les sociétés dans les conditions décrites audit deuxième alinéa. Toutefois, le capital de la société mère mentionnée au premier alinéa du présent I peut être détenu indirectement à 95 % ou plus par une autre personne morale soumise à l'impôt sur les sociétés dans les conditions de droit commun ou selon les modalités prévues à l'article 214, par l'intermédiaire d'une ou plusieurs personnes morales non soumises à cet impôt dans ces mêmes conditions ou par l'intermédiaire d'une ou plusieurs personnes morales qui y sont soumises dans ces mêmes conditions et dont le capital n'est pas détenu, directement ou indirectement, par cette autre personne morale à 95 % au moins. Le capital de l'entité mère non résidente peut être détenu indirectement à 95 % ou plus par une autre personne morale soumise à un impôt équivalent à l'impôt sur les sociétés dans un Etat mentionné au deuxième alinéa du présent I ou par une autre personne morale soumise à l'impôt sur les sociétés dans les conditions de droit commun ou selon les modalités prévues à l'article 214, par l'intermédiaire d'une ou plusieurs personnes morales qui ne sont soumises ni à cet impôt dans ces mêmes conditions, ni à un impôt équivalent dans un Etat mentionné au deuxième alinéa du présent I, ou par l'intermédiaire d'une ou plusieurs personnes morales qui y sont soumises dans ces mêmes conditions et dont le capital n'est pas détenu, directement ou indirectement, par cette autre personne morale à 95 % au moins. Par exception au premier alinéa, lorsqu'une personne morale soumise à l'impôt sur les sociétés dans les conditions de droit commun établit des comptes combinés en application de l'article L. 345-2 du code des assurances, de l'article L. 212-7 du code de la mutualité ou de l'article L. 931-34 du code de la sécurité sociale en tant qu'entreprise combinante, elle peut se constituer seule redevable de l'impôt sur les sociétés dû sur l'ensemble des résultats du groupe formé par elle-même, les personnes morales soumises à l'impôt sur les sociétés dans les conditions de droit commun dénuées de capital qui sont membres du périmètre de combinaison et qui ont avec elle, en vertu d'un accord, soit une direction commune, soit des services communs assez étendus pour engendrer un comportement commercial, technique ou financier commun, soit des liens importants et durables en vertu de dispositions réglementaires, statutaires ou contractuelles, et les sociétés dont elle et les personnes morales combinées détiennent 95 % au moins du capital, directement ou indirectement par l'intermédiaire de sociétés ou d'établissements stables membres du groupe, ci-après désignés par les termes : "" sociétés du groupe "", ou de sociétés ou d'établissements stables, ci-après désignés par les termes : "" sociétés intermédiaires "", dont la société mère et ces mêmes personnes morales combinées détiennent 95 % au moins du capital, directement ou indirectement par l'intermédiaire de sociétés du groupe ou de sociétés intermédiaires. Les conditions relatives aux liens entre les personnes morales mentionnées à la phrase précédente et à la détention des sociétés membres du groupe par ces personnes morales s'apprécient de manière continue au cours de l'exercice. Les autres dispositions des premier et troisième alinéas du présent I s'appliquent à la société mère du groupe formé dans les conditions prévues au présent alinéa. Par exception au premier alinéa, lorsqu'une personne morale soumise à l'impôt sur les sociétés dans les conditions de droit commun est un organe central mentionné à l'article L. 511-30 du code monétaire et financier ou une caisse départementale ou interdépartementale mentionnée à l'article L. 512-55 du même code titulaire d'un agrément collectif délivré par l'Autorité de contrôle prudentiel et de résolution pour elle-même et pour les caisses locales qui la détiennent, elle peut se constituer seule redevable de l'impôt sur les sociétés dû sur l'ensemble des résultats du groupe formé par elle-même, les banques, caisses et sociétés mentionnées aux articles L. 512-11, L. 512-20, L. 512-55, L. 512-60, L. 512-69 et L. 512-86 du même code soumises à l'impôt sur les sociétés dans les conditions de droit commun qui lui sont affiliées au sens de l'article L. 511-31 du même code ou bénéficiant d'un même agrément collectif délivré par l'Autorité de contrôle prudentiel et de résolution, et les sociétés dont elle et les banques, caisses et sociétés précitées détiennent 95 % au moins du capital, directement ou indirectement par l'intermédiaire de sociétés ou d'établissements stables membres du groupe, ci-après désignés par les termes : "" sociétés du groupe "", ou de sociétés ou d'établissements stables, ci-après désignés par les termes : "" sociétés intermédiaires "", dont la société mère et ces mêmes banques, caisses et sociétés détiennent 95 % au moins du capital, directement ou indirectement par l'intermédiaire de sociétés du groupe ou de sociétés intermédiaires. Les conditions relatives aux liens entre les personnes morales mentionnées à la première phrase et à la détention des sociétés membres du groupe par ces personnes morales s'apprécient de manière continue au cours de l'exercice. Les autres dispositions des premier et troisième alinéas du présent I s'appliquent à la société mère du groupe formé dans les conditions prévues au présent alinéa. Pour le calcul du taux de détention du capital, il est fait abstraction, dans la limite de 10 % du capital de la société, des titres émis dans les conditions prévues aux articles L. 225-177 à L. 225-184, L. 225-197-1 à L. 225-197-5, L. 22-10-56 et L. 22-10-59 du code de commerce et aux articles L. 3332-18 à L. 3332-24 du code du travail ou par une réglementation étrangère équivalente ainsi que des titres attribués, après rachat, dans les mêmes conditions, par une société à ses salariés non mandataires. Ce mode particulier de calcul ne s'applique plus à compter de l'exercice au cours duquel le détenteur des titres émis ou attribués dans les conditions qui précèdent cède ses titres ou cesse toute fonction dans la société ou, le cas échéant, dans le groupe de sociétés incluses dans le périmètre du plan d'émission ou d'attribution de ces titres, défini aux articles L. 225-180 ou L. 225-197-2 du code de commerce, aux deuxième à dernier alinéas de l'article L. 3344-1 du code du travail ou par une réglementation étrangère équivalente. Ce mode particulier de calcul cesse également de s'appliquer à compter de l'exercice au cours duquel le détenteur des titres cesse ses fonctions dans une société incluse dans ce périmètre pour les exercer dans une autre société initialement incluse dans ce même périmètre mais qui ne l'est plus au cours de cet exercice. Ce mode particulier de calcul cesse également de s'appliquer à compter de l'exercice au cours duquel la société qui emploie le détenteur des titres sort du périmètre du plan d'émission ou d'attribution des titres défini à la deuxième phrase du présent alinéa. Toutefois, lorsque le mode particulier de calcul du taux de détention du capital cesse de s'appliquer dans les conditions prévues au présent alinéa et qu'il en résulte une participation dans le capital d'une société filiale réduite à moins de 95 %, ce capital est néanmoins réputé avoir été détenu selon les modalités fixées au premier, au deuxième, au quatrième ou au cinquième alinéas du présent I si le pourcentage de 95 % est à nouveau atteint à l'expiration du délai prévu au deuxième alinéa du 1 de l'article 223 pour le dépôt de la déclaration de résultat de l'exercice. Si la cessation de fonction intervient au cours de la période de conservation prévue au septième alinéa du I de l'article L. 225-197-1 du code de commerce ou par une réglementation étrangère équivalente, il continue à être fait abstraction des actions dont la conservation est requise dans les conditions qui précèdent, jusqu'à l'expiration de la période précitée. Pour l'application du présent article, la détention de 95 % au moins du capital d'une société s'entend de la détention en pleine propriété de 95 % au moins des droits à dividendes et de 95 % au moins des droits de vote attachés aux titres émis par cette société. Toutefois, les titres que le constituant a transférés dans un patrimoine fiduciaire dans les conditions prévues à l'article 238 quater B sont également pris en compte pour l'appréciation du seuil de détention du capital à condition que ces titres soient assortis de droits à dividendes et de droits de vote et que le constituant conserve l'exercice des droits de vote ou que le fiduciaire exerce ces droits dans le sens déterminé par le constituant, sous réserve des éventuelles limitations convenues par les parties au contrat établissant la fiducie pour protéger les intérêts financiers du ou des créanciers bénéficiaires de la fiducie. II. – Les sociétés du groupe restent soumises à l'obligation de déclarer leurs résultats qui peuvent être vérifiés dans les conditions prévues par les articles L. 13, L. 47 et L. 57 du livre des procédures fiscales. La société mère supporte, au regard des droits et des pénalités visées à l'article 2 de la loi n° 87-502 du 8 juillet 1987 modifiant les procédures fiscales et douanières, les conséquences des infractions commises par les sociétés du groupe. III. – Seules peuvent être membres du groupe les sociétés ou les établissements stables qui ont donné leur accord et dont les résultats sont soumis à l'impôt sur les sociétés dans les conditions de droit commun ou selon les modalités prévues à l'article 214. Seules peuvent être qualifiées de sociétés intermédiaires les sociétés ou les établissements stables qui ont donné leur accord et dont les résultats sont soumis à un impôt équivalent à l'impôt sur les sociétés dans un Etat membre de l'Union européenne ou dans un autre Etat partie à l'accord sur l'Espace économique européen ayant conclu avec la France une convention d'assistance administrative en vue de lutter contre la fraude et l'évasion fiscales. Pour se constituer société mère dans les conditions du deuxième alinéa du I, une société doit accompagner son option de l'accord de l'entité mère non résidente et des sociétés étrangères mentionnées au même deuxième alinéa. Pour être membre d'un groupe formé dans les conditions dudit deuxième alinéa, une société doit accompagner son accord de celui de l'entité mère non résidente et des sociétés étrangères. Les sociétés membres d'un groupe dans les conditions du même deuxième alinéa ne peuvent simultanément se constituer seules redevables de l'impôt sur les sociétés pour les résultats d'un autre groupe dans les conditions prévues au présent article. Lorsque la société mère opte pour l'application du régime défini au quatrième ou au cinquième alinéa du I, toutes les personnes morales dénuées de capital définies au quatrième alinéa du même I et toutes les banques, caisses et sociétés mentionnées aux articles L. 512-11, L. 512-20, L. 512-55, L. 512-60, L. 512-69 et L. 512-86 du code monétaire et financier ou bénéficiant du même agrément collectif, à l'exception des filiales dont le capital est détenu à 95 % au moins sont obligatoirement membres du groupe et ne peuvent simultanément être mères d'un autre groupe formé dans les conditions prévues au présent article. Les sociétés du groupe et, sous réserve de la réglementation étrangère qui leur est applicable, les sociétés intermédiaires, l'entité mère non résidente et les sociétés étrangères doivent ouvrir et clore leurs exercices aux mêmes dates ; les exercices ont en principe, une durée de douze mois. Par exception, la durée d'un exercice des sociétés du groupe peut être inférieure ou supérieure à douze mois, sans préjudice des dispositions de l'article 37. Cette exception ne peut s'appliquer qu'une seule fois au cours d'une période couverte par une même option. La modification de la date de clôture de l'exercice doit être notifiée au plus tard à l'expiration du délai prévu au deuxième alinéa du 1 de l'article 223 pour le dépôt de la déclaration de résultat de l'exercice précédant le premier exercice concerné. Les options mentionnées aux premier, deuxième, quatrième ou cinquième alinéas du I du présent article sont notifiées au plus tard à l'expiration du délai prévu au deuxième alinéa du 1 de l'article 223 pour le dépôt de la déclaration de résultat de l'exercice précédant celui au titre duquel le régime défini au présent article s'applique. Elles sont valables pour une période de cinq exercices. Les accords mentionnés au premier alinéa du présent III sont formulés au plus tard à l'expiration du délai prévu pour le dépôt de la déclaration de résultat de l'exercice précédant celui où la société devient membre du groupe ou devient une société intermédiaire, devient une société étrangère ou une entité mère non résidente, ou dans les trois mois de l'acquisition des titres d'une société du groupe, d'une autre société intermédiaire, d'une société étrangère ou d'une entité mère non résidente. Les options et les accords sont renouvelés par tacite reconduction, sauf dénonciation au plus tard à l'expiration du délai prévu au 1 de l'article 223 pour le dépôt de la déclaration de résultat du dernier exercice de chaque période. Pour chacun des exercices arrêtés au cours de la période de validité de l'option, la société mère notifie à l'administration, au plus tard à la date mentionnée au deuxième alinéa du présent III, une liste des sociétés membres du groupe comportant la désignation, le cas échéant, de l'entité mère non résidente, des sociétés intermédiaires et des sociétés étrangères, ainsi que des sociétés qui cessent d'être membres du groupe ou qui cessent d'être qualifiées de sociétés intermédiaires ou de sociétés étrangères. A défaut, le résultat d'ensemble est déterminé à partir du résultat des sociétés mentionnées sur la dernière liste notifiée régulièrement si ces sociétés continuent à remplir les conditions prévues à la présente section. Chaque société du groupe est tenue solidairement au paiement de l'impôt sur les sociétés et, le cas échéant, des intérêts de retard, majorations et amendes fiscales correspondantes, dont la société mère est redevable, à hauteur de l'impôt et des pénalités qui seraient dus par la société si celle-ci n'était pas membre du groupe.",,
WEAKNEG_0051,article_neg_00150,Code de commerce,L442-5,LEGIARTI000051467834,article_id::legiarti000051467834,low_clean_candidate_not_in_gold,"I.-Le fait, pour tout commerçant, de revendre ou d'annoncer la revente d'un produit en l'état à un prix inférieur à son prix d'achat effectif est puni d'une amende ne pouvant excéder 0,4 % de son chiffre d'affaires annuel hors taxes réalisé en France lors du dernier exercice clos. Cette amende peut être portée à la moitié des dépenses de publicité dans le cas où une annonce publicitaire, quel qu'en soit le support, fait état d'un prix inférieur au prix d'achat effectif. La cessation de l'annonce publicitaire peut être ordonnée dans les conditions prévues à l'article L. 121-3 du code de la consommation. Le prix d'achat effectif est le prix unitaire net figurant sur la facture d'achat, minoré du montant de l'ensemble des autres avantages financiers consentis par le vendeur exprimé en pourcentage du prix unitaire net du produit et majoré des taxes sur le chiffre d'affaires, des taxes spécifiques afférentes à cette revente et du prix du transport. Le prix d'achat effectif est affecté d'un coefficient de 0,9 pour le grossiste qui distribue des produits ou services exclusivement à des professionnels qui lui sont indépendants et qui exercent une activité de revendeur au détail, de transformateur ou de prestataire de services final. Est considérée comme indépendante toute entreprise libre de déterminer sa politique commerciale et dépourvue de lien capitalistique ou d'affiliation avec le grossiste. II.-Les dispositions du I ne sont pas applicables : 1° Aux ventes volontaires ou forcées motivées par la cessation ou le changement d'une activité commerciale ; 2° Aux produits dont la vente présente un caractère saisonnier marqué, pendant la période terminale de la saison des ventes et dans l'intervalle compris entre deux saisons de vente ; 3° Aux produits qui ne répondent plus à la demande générale en raison de l'évolution de la mode ou de l'apparition de perfectionnements techniques ; 4° Aux produits, aux caractéristiques identiques, dont le réapprovisionnement s'est effectué en baisse, le prix effectif d'achat étant alors remplacé par le prix résultant de la nouvelle facture d'achat ; 5° Aux produits alimentaires commercialisés dans un magasin d'une surface de vente de moins de 300 mètres carrés et aux produits non alimentaires commercialisés dans un magasin d'une surface de vente de moins de 1 000 mètres carrés, dont le prix de revente est aligné sur le prix légalement pratiqué pour les mêmes produits par un autre commerçant dans la même zone d'activité ; 6° A condition que l'offre de prix réduit ne fasse l'objet d'une quelconque publicité ou annonce à l'extérieur du point de vente, aux produits périssables à partir du moment où ils sont menacés d'altération rapide ; 7° Aux produits soldés mentionnés à l'article L. 310-3. Ces exceptions ne font pas obstacle à l'application du 2° de l'article L. 653-5 et du 1° de l'article L. 654-2. III.-Les personnes morales déclarées pénalement responsables de l'infraction prévue au I encourent la peine mentionnée au 9° de l'article 131-39 du code pénal. La cessation de l'annonce publicitaire peut être ordonnée dans les conditions prévues à l'article L. 121-3 du code de la consommation. IV.-Le I du présent article est applicable aux produits vendus sous marque de distributeur acquis dans les conditions prévues à l'article L. 441-7.",,
WEAKNEG_0052,article_neg_00408,Code général des impôts,1691 bis,LEGIARTI000051219480,article_id::legiarti000051219480,low_clean_candidate_not_in_gold,"Conformément au B du VII de l'article 110 de la loi n° 2025-127 du 14 février 2025, le I de l'article précité, à l'exception du b du 8°, et les II à VI s'appliquent à compter des impositions établies au titre de l'année 2025. I. – Les époux et les partenaires liés par un pacte civil de solidarité sont tenus solidairement au paiement : 1° De l'impôt sur le revenu lorsqu'ils font l'objet d'une imposition commune ; 2° De la taxe d'habitation sur les résidences secondaires lorsqu'ils vivent sous le même toit. 3° De la taxe d'aménagement et des pénalités afférentes. 4° De la taxe d'archéologie préventive mentionnée à l'article 235 ter ZG. II. – 1. Les personnes divorcées ou séparées peuvent demander à être déchargées des obligations de paiement prévues au I ainsi qu'à l'article 1723 ter-00 B lorsque, à la date de la demande : a) Le jugement de divorce ou de séparation de corps a été prononcé ou la convention de divorce par consentement mutuel prenant la forme d'un acte sous signature privée contresigné par avocats a été déposée au rang des minutes d'un notaire ; b) La déclaration conjointe de dissolution du pacte civil de solidarité établie par les partenaires ou la signification de la décision unilatérale de dissolution du pacte civil de solidarité de l'un des partenaires a été enregistrée au greffe du tribunal judiciaire ; c) Les intéressés ont été autorisés à avoir des résidences séparées ; d) L'un ou l'autre des époux ou des partenaires liés par un pacte civil de solidarité a abandonné le domicile conjugal ou la résidence commune. 2. La décharge de l'obligation de paiement est accordée en cas de disproportion marquée entre le montant de la dette fiscale et, à la date de la demande, la situation financière et patrimoniale, nette de charges, du demandeur. La situation financière nette du demandeur est appréciée sur une période n'excédant pas trois années. La décharge de l'obligation de paiement est alors prononcée selon les modalités suivantes : a) Pour l'impôt sur le revenu, la décharge est égale à la différence entre le montant de la cotisation d'impôt sur le revenu établie pour la période d'imposition commune et la fraction de cette cotisation correspondant aux revenus personnels du demandeur et à la moitié des revenus communs du demandeur et de son conjoint ou de son partenaire de pacte civil de solidarité. Pour l'application du présent a, les revenus des enfants mineurs du demandeur non issus de son mariage avec le conjoint ou de son union avec le partenaire de pacte civil de solidarité sont ajoutés aux revenus personnels du demandeur ; la moitié des revenus des enfants mineurs du demandeur et de son conjoint ou de son partenaire de pacte civil de solidarité est ajoutée à la moitié des revenus communs. Les revenus des enfants majeurs qui ont demandé leur rattachement au foyer fiscal des époux ou des partenaires liés par un pacte civil de solidarité ainsi que ceux des enfants infirmes sont pris en compte dans les conditions définies à l'alinéa précédent. La moitié des revenus des personnes mentionnées au 2° de l'article 196 ainsi qu'à l'article 196 A bis est ajoutée à la moitié des revenus communs du demandeur et de son conjoint ou de son partenaire de pacte civil de solidarité ; b) Pour la taxe d'habitation sur les résidences secondaires , la décharge est égale à la moitié de la cotisation de taxe d'habitation sur les résidences secondaires mise à la charge des personnes mentionnées au I ; c) Pour l'impôt sur la fortune immobilière, la décharge est égale à la différence entre le montant de la cotisation d'impôt sur la fortune immobilière dû par les personnes mentionnées à l'article 1723 ter-00 B et la fraction de cette cotisation correspondant à l'actif net du patrimoine imposable propre du demandeur et à la moitié de l'actif net du patrimoine imposable commun du demandeur et de son conjoint ou de son partenaire de pacte civil de solidarité. Pour l'application du présent c, le patrimoine imposable des enfants mineurs du demandeur non issus de son mariage avec le conjoint ou de son union avec le partenaire de pacte civil de solidarité est ajouté au patrimoine imposable propre du demandeur ; la moitié du patrimoine imposable des enfants mineurs du demandeur et de son conjoint ou de son partenaire de pacte civil de solidarité est ajoutée à la moitié du patrimoine imposable commun ; d) Pour les intérêts de retard et les pénalités mentionnées aux articles 1727,1728,1729,1732 et 1758 A consécutifs à la rectification d'un bénéfice ou revenu propre au conjoint ou au partenaire de pacte civil de solidarité du demandeur, la décharge de l'obligation de paiement est prononcée en totalité. La décharge de l'obligation de paiement des intérêts de retard et des pénalités mentionnées aux mêmes articles 1727,1728,1729,1732 et 1758 A est prononcée, dans les autres situations, dans les proportions définies aux a, b ou c du présent 2. 3. Le bénéfice de la décharge de l'obligation de paiement est subordonné au respect des obligations déclaratives du demandeur prévues par les articles 170 et 982 à compter de la date de la fin de la période d'imposition commune. La décharge de l'obligation de paiement ne peut pas être accordée lorsque le demandeur et son conjoint ou son partenaire lié par un pacte civil de solidarité se sont frauduleusement soustraits, ou ont tenté de se soustraire frauduleusement, au paiement des impositions mentionnées aux 1° et 2° du I ainsi qu'à l'article 1723 ter-00 B, soit en organisant leur insolvabilité, soit en faisant obstacle, par d'autres manoeuvres, au paiement de l'impôt. III. – Les personnes en situation de gêne et d'indigence qui ont été déchargées de l'obligation de paiement d'une fraction des impôts, conformément au II, peuvent demander à l'administration de leur accorder une remise totale ou partielle de la fraction des impositions mentionnées aux 1° et 2° du I restant à leur charge. Pour l'application de ces dispositions, la situation de gêne et d'indigence s'apprécie au regard de la seule situation de la personne divorcée ou séparée à la date de demande de remise. IV. – L'application des II et III peut donner lieu à restitution des sommes recouvrées à compter de l'un des événements mentionnés aux a à d du 1 du II.",,
WEAKNEG_0053,article_neg_00235,Code général des impôts,199 vicies A,LEGIARTI000006303322,article_id::legiarti000006303322,low_clean_candidate_not_in_gold,"Loi 2006-11 2006-01-05 art. 16 II JORF 6 janvier 2006 : "" Les dispositions du I sont applicables à raison des ventes intervenues entre le 18 mai 2005 et le 31 décembre 2010. 1. Les contribuables domiciliés fiscalement en France au sens de l'article 4 B bénéficient d'une réduction d'impôt sur le revenu à raison des intérêts perçus au titre du différé de paiement qu'ils accordent à des exploitants agricoles âgés de moins de quarante ans qui s'installent ou sont installés depuis moins de cinq ans, dans le cadre de la vente de l'ensemble des éléments de l'actif affectés à l'exercice d'une activité agricole, d'une branche complète d'activité ou de l'intégralité de leurs parts d'un groupement ou d'une société agricole dans lequel ils exercent. 2. La réduction d'impôt s'applique lorsque les conditions suivantes sont remplies : a) Le contrat de vente est passé en la forme authentique ; b) Le paiement d'au moins la moitié du prix de cession intervient à la date de conclusion du contrat mentionné au a et le solde au cours d'une période comprise entre la huitième et la douzième année qui suit celle de cet événement ; c) Le prix est payé en numéraire ; d) La rémunération du différé de paiement est définie en fonction d'un taux d'intérêt arrêté à la date du contrat mentionné au a dans la limite du taux de l'échéance constante à dix ans. 3. La réduction d'impôt est égale à 50 % des intérêts imposés dans la catégorie des revenus de capitaux mobiliers et soumis au barème de l'impôt sur le revenu défini au 1 du I de l'article 197. Les intérêts sont retenus dans la limite annuelle de 5 000 € pour les contribuables célibataires, veufs ou divorcés et de 10 000 € pour les contribuables mariés ou pour les partenaires liés par un pacte civil de solidarité soumis à une imposition commune. Elle s'applique au titre de l'année de perception des intérêts. 4. En cas de résolution, annulation ou rescision pour lésion du contrat de vente, les réductions d'impôt obtenues font l'objet d'une reprise au titre de l'année de réalisation de l'un de ces événements.",,
WEAKNEG_0054,article_neg_00073,Code de commerce,L321-3,LEGIARTI000033062613,article_id::legiarti000033062613,low_clean_candidate_not_in_gold,"Le fait de proposer, en agissant comme mandataire du propriétaire, un bien aux enchères publiques à distance par voie électronique pour l'adjuger au mieux-disant des enchérisseurs constitue une vente aux enchères par voie électronique, soumise aux dispositions du présent chapitre. La seule circonstance qu'une confirmation, conforme aux dispositions de l'article 1127-2 du code civil, soit exigée est sans incidence sur la qualification de la vente. Les opérations de courtage aux enchères réalisées à distance par voie électronique se caractérisant par l'absence d'adjudication au mieux-disant des enchérisseurs et d'intervention d'un tiers dans la description du bien et la conclusion de la vente ne constituent pas des ventes aux enchères publiques au sens du présent chapitre. Le prestataire de services mettant à la disposition du vendeur une infrastructure permettant d'organiser et d'effectuer une opération de courtage aux enchères par voie électronique informe le public de manière claire et non équivoque sur la nature du service proposé, dans les conditions fixées à l'article L. 111-2 du code de la consommation et au III de l'article L. 441-6 du présent code. Un arrêté conjoint du garde des sceaux, ministre de la justice, et du ministre chargé de la culture précise les conditions dans lesquelles le prestataire de services porte également à la connaissance du vendeur et de l'acquéreur la réglementation relative à la circulation des biens culturels, ainsi qu'à la répression des fraudes en matière de transactions d'œuvres d'art et d'objets de collection, lorsque l'opération de courtage aux enchères par voie électronique porte sur de tels biens. Les manquements aux dispositions du troisième alinéa sont punis d'une sanction pécuniaire dont le montant peut atteindre le double du prix des biens mis en vente en méconnaissance de cette obligation, dans la limite de 15 000 € pour une personne physique et de 75 000 € pour une personne morale. Les manquements aux dispositions du troisième alinéa sont recherchés et constatés par procès-verbal dans les conditions fixées aux II et III de l'article L. 450-1 et aux articles L. 450-2, L. 450-3, L. 450-7 et L. 450-8 du présent code. Le double du procès-verbal, accompagné de toutes les pièces utiles et mentionnant le montant de la sanction encourue, est notifié à la personne physique ou morale concernée. Le procès-verbal indique la possibilité pour la personne visée de présenter, dans un délai d'un mois, ses observations écrites ou orales. A l'issue de ce délai d'un mois, le procès-verbal, accompagné, le cas échéant, des observations de la personne visée, est transmis à l'autorité administrative compétente qui peut, par décision motivée et après une procédure contradictoire, ordonner le paiement de la sanction pécuniaire mentionnée au quatrième alinéa. La personne concernée est informée de la possibilité de former un recours gracieux ou contentieux contre cette décision dans un délai de deux mois à compter de la notification de la sanction. Les sanctions pécuniaires et les astreintes mentionnées au présent article sont versées au Trésor public et sont recouvrées comme les créances de l'Etat étrangères à l'impôt et au domaine. Les articles L. 521-1, L. 521-2 et L. 524-1 à L. 524-3 du code de la consommation peuvent être mis en œuvre à partir des constatations effectuées. Toute personne intéressée peut demander au président du tribunal statuant en référé d'enjoindre sous astreinte au prestataire de services qui délivre des informations de nature à susciter dans l'esprit du public une confusion entre son activité et la vente aux enchères par voie électronique de modifier ces informations afin de supprimer cette confusion ou de se conformer aux dispositions du présent chapitre.",,
WEAKNEG_0055,article_neg_00331,Code général des impôts,298 octodecies,LEGIARTI000044873385,article_id::legiarti000044873385,low_clean_candidate_not_in_gold,"Conformément à l'article 40 de l'ordonnance n° 2021-1843 du 22 décembre 2021, ces dispositions entrent en vigueur le 1er janvier 2022. Pour l'application du présent chapitre : 1° Les produits soumis à accise s'entendent au sens de l'article L. 311-1 du code des impositions sur les biens et services ; 2° Les boissons alcooliques s'entendent au sens du 2° de l'article L. 111-4 du même code ; 3° Les produits énergétiques, charbons, gaz naturels et produits assimilés aux produits énergétiques s'entendent respectivement au sens des articles L. 312-3, L. 312-4, L. 312-5 et L. 312-6 du même code.",,
WEAKNEG_0056,article_neg_00361,Code général des impôts,150-0 B quinquies,LEGIARTI000038687698,article_id::legiarti000038687698,low_clean_candidate_not_in_gold,"I. – En cas de retrait de liquidités d'un compte défini à l'article L. 221-32-4 du code monétaire et financier, le gain net mentionné au 2 ter du II de l'article 150-0 A du présent code est constitué par le solde des distributions mentionnées aux 7 et 7 bis du même II et au 1 du II de l'article 163 quinquies C perçues dans le compte ainsi que des plus-values et des moins-values constatées lors d'opérations réalisées dans le compte, retenues pour leur montant brut avant application, le cas échéant, des abattements mentionnés aux 1 ter ou 1 quater de l'article 150-0 D ou à l'article 150-0 D ter dans leur rédaction en vigueur à la date de perception ou de réalisation desdites distributions ou plus-values. Lorsque ce gain net est supérieur au montant du retrait, il est retenu dans la limite de ce montant et le solde reste imposable dans le compte. Toutefois, pour la détermination du gain net mentionné au premier alinéa, il n'est pas tenu compte des mêmes distributions et plus-values et moins-values lorsqu'elles sont perçues ou réalisées dans les conditions prévues aux 1 ou 1 bis du III de l'article 150-0 A, à l'article 163 quinquies B ou au 2 du II de l'article 163 quinquies C. Les plus-values et moins-values mentionnées au premier alinéa du présent I sont déterminées conformément à l'article 150-0 D. Toutefois, par dérogation au 11 du même article 150-0 D, les moins-values sont imputables, sans limitation de délai, en priorité sur les plus-values des années antérieures les plus anciennes puis sur les plus-values de l'année et des années suivantes afférentes aux titres souscrits aux dates les plus anciennes. En cas de solde positif, le gain net mentionné au premier alinéa, pour lequel l'imposition est établie, est, le cas échéant, réduit des abattements mentionnés aux 1 ter ou 1 quater du même article 150-0 D ou à l'article 150-0 D ter dans les conditions prévues par ces mêmes articles dans leur rédaction en vigueur à la date de perception ou de réalisation desdites distributions ou plus-values. Pour l'application de ces abattements, le gain net est ventilé entre les différents taux d'abattement selon la même répartition que l'ensemble des plus-values constatées dans le compte au jour du retrait avant imputation des moins-values. Lorsque le gain net mentionné au cinquième alinéa est imposé dans les conditions prévues au 1 de l'article 200 A, il n'est pas fait application des abattements mentionnés aux 1 ter ou 1 quater de l'article 150-0 D. En cas de solde négatif, les liquidités retirées ne sont pas imposables. Les moins-values réalisées dans le compte, pour leur montant excédant les plus-values réalisées dans les mêmes conditions à la date du retrait, restent imputables dans le compte, dans les conditions prévues au présent I. II. – En cas de retrait de titres d'un compte mentionné au premier alinéa du I, le gain net mentionné au 2 ter du II de l'article 150-0 A correspond à la valeur de souscription des titres retirés. Le gain imposable est déterminé dans les conditions prévues au I. Lorsque le retrait porte sur des titres apportés dans les conditions prévues à l'article L. 221-32-5 du code monétaire et financier, aucune imposition n'est établie à raison de ce retrait. En cas de cession à titre onéreux ou de rachat de titres ayant fait l'objet d'un retrait du compte, le gain net est déterminé et imposé suivant les modalités de droit commun prévues aux articles 150-0 A à 150-0 D ter et aux 1 ou 2 de l'article 200 A du présent code. III. – La clôture du compte entraîne le retrait de l'ensemble des actifs détenus sur le compte. Le gain de clôture est déterminé dans les conditions prévues aux I et II. Lorsque, à la date de clôture du compte, le montant déterminé au premier alinéa du présent III est une moins-value, celle-ci est imputable sur les plus-values réalisées dans les conditions prévues à l'article 150-0 A au titre de l'année de clôture du compte et, le cas échéant, des années suivantes, jusqu'à la dixième inclusivement. IV. – Pour l'application du présent article, le transfert par le titulaire du compte de son domicile fiscal hors de France entraîne les mêmes conséquences qu'une clôture du compte. Dans ce cas, l'article 167 bis est applicable : 1° Aux plus-values réalisées dans les conditions du I du présent article. Ces plus-values sont prises en compte pour l'établissement de l'impôt sur le revenu, déterminé conformément au II bis de l'article 167 bis, des prélèvements prévus au 1° du I de l'article 235 ter, à l'article L. 136-6 du code de la sécurité sociale et à l'article 15 de l'ordonnance n° 96-50 du 24 janvier 1996 relative au remboursement de la dette sociale. Lorsque les impositions dues à raison de ces plus-values sont placées en sursis de paiement, ce sursis expire dans les conditions prévues pour l'imposition desdites plus-values suivant les dispositions du présent article pour un contribuable domicilié fiscalement en France ; 2° Aux plus-values latentes constatées à la date du transfert du domicile fiscal sur les titres ou droits inscrits dans le compte. Ces plus-values sont imposables dans les conditions de droit commun prévues au 1 du I de l'article 167 bis.",,
WEAKNEG_0057,article_neg_00367,Code général des impôts,298 undecies,LEGIARTI000039248210,article_id::legiarti000039248210,low_clean_candidate_not_in_gold,"Les opérations d'entremise accomplies par des personnes justifiant de la qualité de mandataire régulièrement inscrit à la commission mentionnée à l'article 26 de la loi n° 47-585 du 2 avril 1947 relative au statut des entreprises de groupage et de distribution des journaux et publications périodiques ne donnent pas lieu au paiement de la taxe sur la valeur ajoutée lorsqu'elles concernent des écrits périodiques au sens de la loi du 29 juillet 1881. Les éditeurs des périodiques ainsi diffusés acquittent la taxe sur la valeur ajoutée sur le prix de vente total au public. Pour le calcul des droits à déduction, les opérations ci-dessus sont considérées comme ayant été effectivement taxées.",,
WEAKNEG_0058,article_neg_00296,Code général des impôts,223 A bis,LEGIARTI000030701123,article_id::legiarti000030701123,low_clean_candidate_not_in_gold,"Aux termes du II de l'article 63 de la loi n° 2014-1665 du 29 décembre 2014, les dispositions de l'article 223 A bis telles qu'elles résultent du B du I du même article 63 s'appliquent aux exercices ouverts à compter du 1er janvier 2015. I. – Par exception à la première phrase du premier alinéa du I de l'article 223 A, lorsqu'un établissement public industriel et commercial soumis à l'impôt sur les sociétés dans les conditions de droit commun établit des comptes consolidés dans les conditions prévues au premier alinéa de l'article L. 233-18 du code de commerce, il peut se constituer seul redevable de l'impôt sur les sociétés dû sur l'ensemble des résultats du groupe formé par lui-même, les établissements publics industriels et commerciaux également soumis à l'impôt sur les sociétés dans les conditions de droit commun qui sont membres de son périmètre de consolidation et les sociétés que lui-même et les établissements publics industriels et commerciaux membres du groupe détiennent dans les conditions prévues à l'article 223 A, lorsqu'il assure pour l'ensemble du groupe le contrôle et le pilotage stratégique et des missions transversales ou mutualisées. Les autres dispositions du même article 223 A s'appliquent aux établissements industriels et commerciaux et aux sociétés membres d'un groupe au sens du présent article. II. – L'établissement qui se constitue seul redevable de l'impôt sur les sociétés selon le premier alinéa du I ne peut pas être contrôlé par un autre établissement qui remplit lui-même les conditions exposées au même alinéa. Lorsqu'un établissement public industriel et commercial se constitue seul redevable de l'impôt sur les sociétés, tous les établissements publics industriels et commerciaux mentionnés audit alinéa sont obligatoirement membres du groupe. Un établissement public membre du groupe ne peut pas se constituer seul redevable de l'impôt sur les sociétés pour les résultats d'un autre groupe dans les conditions prévues à l'article 223 A. III. – Les règles prévues aux articles 223 B à 223 U sont applicables aux établissements publics industriels et commerciaux et aux sociétés membres d'un groupe au sens du présent article.",,
WEAKNEG_0059,article_neg_00159,"Code général des impôts, annexe II",171 N,LEGIARTI000006294241,article_id::legiarti000006294241,low_clean_candidate_not_in_gold,"La fraction de la provision rapportée chaque année aux résultats suivant les modalités définies au II de l'article 238 bis J du code général des impôts est comprise dans les bases d'imposition soumises au régime de droit commun. Pour l'application du régime spécial défini aux articles 39 duodecies et suivants du code précité, le reliquat de la provision spéciale de réévaluation est ajouté au prix de cession de l'immobilisation réévaluée. Pour les biens acquis ou créés depuis au moins deux ans, si le prix de cession excède la valeur d'origine du bien aliéné, ou sa valeur réévaluée à la suite d'une précédente réévaluation, la plus-value dégagée par la cession est considérée comme à long terme à concurrence de cet excédent et à court terme pour le surplus.",,
WEAKNEG_0060,article_neg_00013,Code de commerce,L511-24,LEGIARTI000006233273,article_id::legiarti000006233273,low_clean_candidate_not_in_gold,"L'échéance d'une lettre de change à un certain délai de vue est déterminée, soit par la date de l'acceptation, soit par celle du protêt. En l'absence du protêt, l'acceptation non datée est réputée, à l'égard de l'accepteur, avoir été donnée le dernier jour du délai prévu pour la présentation à l'acceptation. L'échéance d'une lettre de change tirée à un ou plusieurs mois de date ou de vue a lieu à la date correspondante du mois où le paiement doit être effectué. A défaut de date correspondante, l'échéance a lieu le dernier jour de ce mois. Quand une lettre de change est tirée à un ou plusieurs mois et demi de date ou de vue, on compte d'abord les mois entiers. Si l'échéance est fixée au commencement, au milieu ou à la fin du mois, on entend par ces termes le 1er, le 15 ou le dernier jour du mois. Les expressions "" huit jours "" ou "" quinze jours "" s'entendent, non d'une ou deux semaines, mais d'un délai de huit ou quinze jours effectifs. L'expression "" demi-mois "" indique un délai de quinze jours.",,
WEAKNEG_0061,article_neg_00364,Code général des impôts,235 bis,LEGIARTI000038586341,article_id::legiarti000038586341,low_clean_candidate_not_in_gold,"1. Les règles concernant la cotisation perçue au titre de la participation des employeurs à l'effort de construction sont définies aux articles L. 313-1, et L. 313-4 à L. 313-6 du code de la construction et de l'habitation. 2. Les règles concernant la cotisation perçue au titre de la participation des employeurs agricoles à l'effort de construction sont définies aux articles L. 716-2 à L. 716-5 du code rural et de la pêche maritime.",,
WEAKNEG_0062,article_neg_00189,"Code général des impôts, annexe II",371 L,LEGIARTI000033238610,article_id::legiarti000033238610,low_clean_candidate_not_in_gold,"Pour l'application du 7 de l'article 158 du code général des impôts, un contribuable mentionné au 1° de ce 7 n'est pas adhérent d'un centre de gestion agréé s'il n'a pas été membre adhérent d'un tel centre pendant toute la durée de l'exercice considéré. Cette condition n'est toutefois pas exigée : a) En cas d'agrément postérieur à l'adhésion, pour l'imposition du bénéfice de l'exercice ouvert depuis moins de trois mois à la date de l'agrément ; b) En cas de première adhésion à un centre agréé pour l'imposition du bénéfice de l'exercice ouvert depuis moins de cinq mois à la date de l'adhésion. Le contribuable ayant repris une activité après cessation est considéré comme adhérant pour la première fois ; c) En cas de retrait ou de non-renouvellement d'agrément, pour l'imposition du bénéfice de l'année ou de l'exercice en cours déclaré dans les conditions prévues à l'article 53 A du code général des impôts ; d) En cas de démission d'un centre de gestion agréé suivie, dans le délai maximum de trente jours à la date de la démission, de l'adhésion à un autre centre de gestion agréé ; e) En cas de première adhésion à un centre de gestion agréé avant la clôture de l'exercice comptable pour les contribuables franchissant les limites de chiffre d'affaires des régimes définis aux articles 64 bis ou 50-0 du code général des impôts. Les déclarations de résultats des membres adhérents d'un centre de gestion agréé, mentionnés au premier alinéa, doivent être accompagnées d'une attestation fournie par le centre indiquant la date d'adhésion et, le cas échéant, la date à laquelle est intervenue la perte de la qualité d'adhérent. Le centre de gestion agréé et le membre adhérent sont identifiés sur cette attestation.",,
WEAKNEG_0063,article_neg_00187,"Code général des impôts, annexe II",275 E bis,LEGIARTI000023954936,article_id::legiarti000023954936,low_clean_candidate_not_in_gold,"Sont considérés comme autres tabacs à fumer : 1° Le tabac coupé ou fractionné d'une autre façon, filé ou pressé en plaques, qui est susceptible d'être fumé en l'état sans transformation industrielle ultérieure, pour lequel 75 % au moins en poids des particules de tabac présentent une largeur de coupe supérieure ou égale à 1,5 millimètre ; 2° Les déchets de tabac conditionnés pour la vente au détail, pour lesquels 75 % au moins en poids des particules de tabac présentent une largeur de coupe supérieure ou égale à 1,5 millimètre ; 3° Alinéa supprimé. 4° Le tabac susceptible d'être fumé en l'état, sans transformation industrielle ultérieure, autre que celui mentionné aux 1° et 2° et à l'article 275 E, quel que soit son mode de présentation.",,
WEAKNEG_0064,article_neg_00237,Code général des impôts,238 bis-0 I,LEGIARTI000006304038,article_id::legiarti000006304038,low_clean_candidate_not_in_gold,"I. - Une entreprise qui a transféré ou transfère hors de France, directement ou indirectement, par elle-même ou par l'intermédiaire d'un tiers, des éléments de son actif à une personne, à un organisme, dans un trust ou dans une institution comparable, en vue de les gérer dans son intérêt ou d'assumer pour son compte un engagement existant ou futur, comprend dans son résultat imposable les résultats qui proviennent de la gestion ou de la disposition de ces actifs ou des biens acquis en remploi. Ces résultats, arrêtés à la clôture de chacun des exercices de l'entreprise, sont déterminés selon les règles applicables au bénéfice de cette dernière, indépendamment de ses autres opérations, à partir d'une comptabilité distincte tenue pour son compte par la personne, l'organisme, le trust ou l'institution comparable à qui les actifs ont été transférés. A l'appui de la déclaration de ses résultats, l'entreprise produit : Un état qui mentionne la nature, la consistance et les caractéristiques des éléments d'actif transférés ou des biens acquis en remploi, la personne, l'organisme, le trust ou l'institution comparable à qui les actifs ont été transférés ainsi que l'Etat ou le territoire où il est établi ; Une déclaration des résultats qui proviennent de la gestion ou de la disposition de ces actifs. L'entreprise est autorisée à imputer sur le montant de l'impôt sur les sociétés dont elle est redevable, au titre de chaque exercice, à raison des résultats mentionnés au deuxième alinéa, l'impôt acquitté, le cas échéant, hors de France, sur les mêmes résultats, à condition que ce dernier soit comparable à l'impôt sur les sociétés. A défaut du respect des dispositions du présent article, l'entreprise comprend dans ses résultats imposables de chaque exercice une somme égale au produit du montant de la valeur réelle, à l'ouverture du même exercice, des actifs définis au premier alinéa par un taux égal à celui mentionné au 3° du 1 de l'article 39. Pour l'application du présent alinéa, la valeur réelle des actifs à l'ouverture d'un exercice est égale à la valeur réelle de ces mêmes actifs au moment du transfert, majorée des produits acquis depuis cette date ou, à défaut, du total des sommes calculées ainsi qu'il est précisé à la phrase qui précède. Toutefois, l'entreprise peut apporter la preuve que le résultat ainsi déterminé excède le résultat effectivement réalisé, déterminé dans les conditions fixées au deuxième alinéa. II. - Les dispositions du I ne sont pas applicables aux transferts qui résultent de l'exécution de contrats d'assurances ou de mandats. III. - Un décret fixe les modalités d'application du présent article ainsi que les obligations déclaratives des entreprises concernées. IV. - Les dispositions du présent article s'appliquent pour la détermination des résultats imposables des exercices ouverts à compter du 1er janvier 1992.",,
WEAKNEG_0065,article_neg_00217,"Code général des impôts, annexe IV",155-0 bis,LEGIARTI000025089740,article_id::legiarti000025089740,low_clean_candidate_not_in_gold,"I. – Pour l'application des dispositions de l'article 1599 quater A du code général des impôts, sont considérés comme des engins à moteur thermique les matériels roulants qui circulent par combustion d'un carburant, à l'exclusion des engins mentionnés au III. Les matériels roulants relevant de cette catégorie comprennent : 1° Les automoteurs qui sont les caisses motrices d'une rame indéformable à moteur thermique et qui peuvent accueillir des voyageurs ; 2° Les locomotives Diesel qui sont des matériels roulants à moteur thermique et qui ne peuvent pas accueillir de voyageurs ; 3° Les remorques pour le transport de voyageurs qui sont des matériels roulants non motorisés et qui peuvent accueillir des voyageurs ; 4° Pour le décompte des matériels roulants d'une rame indéformable à moteur thermique composée de trois caisses motrices ou plus, la rame est réputée composée de deux automoteurs et d'autant de remorques que de caisses, motorisées ou non motorisées, composant la rame et pouvant accueillir des voyageurs, à l'exclusion des deux caisses réputées automoteurs. II. – Pour l'application des dispositions de l'article 1599 quater A du code général des impôts, sont considérés comme des engins à moteur électrique les matériels roulants qui peuvent circuler par captation de courant électrique. Les matériels roulants relevant de cette catégorie comprennent : 1° S'agissant des matériels à grande vitesse, les matériels pouvant circuler à une vitesse égale ou supérieure à 250 kilomètres par heure. Ces matériels sont composés des motrices et des remorques suivantes : a. les motrices de matériel à grande vitesse qui sont des matériels roulants à moteur électrique, utilisés sur les lignes à grande vitesse et qui ne peuvent pas accueillir de voyageurs ; b. les remorques pour le transport de voyageurs à grande vitesse qui sont des matériels roulants non motorisés, utilisés sur les lignes à grande vitesse et qui peuvent accueillir des voyageurs ; c. pour le décompte des matériels roulants d'une rame indéformable à grande vitesse composée de trois caisses motrices ou plus, la rame est réputée composée de deux motrices et d'autant de remorques que de caisses, motorisées ou non motorisées, composant la rame et pouvant accueillir des voyageurs, à l'exclusion des deux caisses réputées motrices ; 2° S'agissant des matériels tram-trains, les matériels dont la vitesse limite est inférieure ou égale à 100 kilomètres par heure et qui sont aptes à circuler à la fois sur le réseau ferré national et sur les voies urbaines et ce dans le respect des différentes réglementations. Ces matériels sont composés des automotrices et des remorques suivantes : a) Les automotrices tram-trains qui sont des caisses motrices d'une rame indéformable apte à circuler à la fois sur le réseau ferré national et sur les voies urbaines et qui peuvent accueillir des voyageurs ; b) Les remorques tram-trains qui sont des matériels roulants non motorisés, aptes à circuler à la fois sur le réseau ferré national et sur les voies urbaines et qui peuvent accueillir des voyageurs ; c) Pour le décompte des matériels roulants d'une rame indéformable de type tram-train composée de trois caisses motrices ou plus, la rame est réputée composée de deux automotrices tram-trains et d'autant de remorques que de caisses, motorisées ou non motorisées, composant la rame et pouvant accueillir des voyageurs, à l'exclusion des deux caisses réputées automotrices. 3° S'agissant des autres matériels : a. les automotrices qui sont les caisses motrices d'une rame indéformable à moteur électrique et qui peuvent accueillir des voyageurs ; b. les locomotives électriques qui sont des matériels roulants à moteur électrique et qui ne peuvent pas accueillir de voyageurs ; c. les remorques pour le transport de voyageurs qui sont des matériels roulants non motorisés et qui peuvent accueillir des voyageurs ; d. pour le décompte des matériels roulants d'une rame indéformable à moteur électrique composée de trois caisses motrices ou plus, la rame est réputée composée de deux automotrices et d'autant de remorques que de caisses, motorisées ou non motorisées, composant la rame et pouvant accueillir des voyageurs, à l'exclusion des deux caisses réputées automotrices. III. – Un engin à moteur pouvant circuler à la fois par combustion d'un carburant et par captation de courant électrique est considéré comme un engin à moteur électrique au sens du II.",,
WEAKNEG_0066,article_neg_00047,Code de commerce,R626-55,LEGIARTI000044096099,article_id::legiarti000044096099,low_clean_candidate_not_in_gold,"Conformément au I de l'article 51 du décret n° 2021-1218 du 23 septembre 2021, ces dispositions entrent en vigueur le 1er octobre 2021. Elles ne sont pas applicables aux procédures en cours au jour de son entrée en vigueur. L'administrateur avise par tout moyen chaque partie affectée qu'elle est membre d'une classe et lui fait connaître les modalités lui permettant de communiquer par voie électronique. Sous réserve des dispositions de la présente section, les dispositions de la sous-section 5 de la section 4 du chapitre IV du titre Ier du livre VIII sont applicables. Vaut consentement à la transmission par voie électronique l'utilisation de ces modalités de communication électronique. L'administrateur invite, par l'avis mentionné au premier alinéa, les parties affectées à lui faire connaître par tout moyen l'existence d'un accord mentionné au II de l'article L. 626-30, au plus tard dans un délai de dix jours à compter de la réception ou de la publication de cet avis. Les modalités de transmission des actes de procédure par voie électronique sont définies par arrêté du garde des sceaux, ministre de la justice.",,
WEAKNEG_0067,article_neg_00205,"Code général des impôts, annexe IV",56 AK,LEGIARTI000006301475,article_id::legiarti000006301475,low_clean_candidate_not_in_gold,"Le document utilisé pour accompagner chaque livraison à un débitant doit porter, imprimées, les mentions suivantes : en caractères très apparents : ""Document de livraison"" ; nom ou raison sociale, adresse et numéro d'identification du fournisseur ; ainsi que les indications ci-après : un numéro d'ordre ; le nom du débitant destinataire ; le numéro et l'adresse du débit ; l'identification des produits avec l'indication des quantités pour chacun d'eux ; l'échéance du règlement ; la valeur au prix de détail de la livraison ; le lieu d'enlèvement des produits ; le mode et la durée du transport.",,
WEAKNEG_0068,article_neg_00300,Code général des impôts,39 quaterdecies,LEGIARTI000046860376,article_id::legiarti000046860376,low_clean_candidate_not_in_gold,"1 Le montant net des plus-values à court terme peut être réparti par parts égales sur l'année de leur réalisation et sur les deux années suivantes. Il s'entend de l'excédent de ces plus-values sur les moins-values de même nature qui ont été effectivement subies au cours du même exercice. Ces dispositions ne sont pas applicables aux plus-values nettes à court terme réalisées par les entreprises soumises à l'impôt sur les sociétés au cours des exercices ouverts à compter du 1er janvier 1987. 1 bis Par dérogation aux dispositions du 1, la réintégration aux bénéfices imposables du montant net des plus-values à court terme réalisées à l'occasion d'opérations de reconversion par les entreprises qui ont obtenu l'agrément prévu à l'article 1465 peut être étalée sur dix ans, sans que la somme rattachée aux bénéfices de chaque année puisse être inférieure au dixième de ce montant. 1 ter Par dérogation aux dispositions du 1, la plus-value nette à court terme afférente à des biens amortissables, réalisée à la suite de la perception d'indemnités d'assurances ou de l'expropriation d'immeubles figurant à l'actif, peut être répartie, par fractions égales, sur plusieurs exercices à compter de celui suivant la réalisation de la plus-value. Chaque fraction est égale au rapport du montant de cette plus-value nette, dans la limite du montant global de la plus-value nette à court terme de l'exercice au cours duquel elle est réalisée, à la durée moyenne d'amortissement déjà pratiquée sur les biens détruits ou expropriés, pondérée en fonction du prix d'acquisition de ces biens et limitée à quinze ans. 1 quater (Abrogé). 1 quinquies Le profit constaté à l'occasion du rachat par son débiteur d'une créance liée à une dette à moyen et long termes auprès d'un établissement de crédit ou d'une société de financement pour un prix inférieur à son montant nominal peut être réparti, pour sa partie correspondant à la différence entre l'actualisation de la somme du capital et des intérêts restant dus à la date du rachat, actualisés à un taux égal au taux à échéance constante dont la maturité est la plus proche de la durée restant à courir de la date de rachat jusqu'à la date de chaque échéance, et le prix de rachat de la créance, par fractions égales, sur les cinq exercices suivant le rachat. La fraction du profit prise en compte dans le résultat imposable est majorée d'un montant égal au produit de cette fraction par une fois et demie le taux de l'intérêt de retard prévu à l'article 1727. Le premier alinéa ne s'applique ni aux établissements de crédit, ni aux sociétés de financement, ni aux rachats dont le débiteur et le créancier ont la qualité d'entreprises liées au sens du 12 de l'article 39. Toutefois, dans ce dernier cas, lorsque la créance a été acquise par le créancier auprès d'une personne à laquelle elle n'est pas liée au sens du 12 de l'article 39, le premier alinéa reste applicable, dans les mêmes conditions, à concurrence de la fraction du profit constaté par le débiteur qui n'excède pas la différence entre la valeur actualisée de la créance et son prix d'acquisition par le créancier. Les présentes dispositions sont applicables à la double condition que le capital social de la société à la clôture de l'exercice au cours duquel intervient le rachat soit supérieur à celui à l'ouverture du même exercice et que le rapport entre le montant des dettes à moyen et long termes et le montant formé par le total de l'actif brut calculé à la clôture de l'exercice au cours duquel intervient le rachat soit inférieur d'au moins 10 % à ce même rapport calculé à l'ouverture du même exercice. Pour le calcul de ce rapport à la clôture de l'exercice, l'actif brut est diminué de la perte comptable de l'exercice. Ces dispositions cessent de s'appliquer lorsqu'à la clôture d'un des cinq exercices suivant celui du rachat de la créance, ce même rapport est supérieur à celui constaté à l'ouverture de l'exercice de rachat. Dans ce cas, les fractions de profit non encore imposées sont comprises dans le bénéfice imposable de l'exercice du dépassement, dans les conditions prévues à la dernière phrase du premier alinéa. 2 En cas de cession ou de cessation totale d'entreprise, les plus-values ou les profits, majorés dans les conditions du 1 quinquies, dont l'imposition a été différée en application des dispositions qui précèdent sont rapportés au bénéfice imposable de l'exercice clos lors de cette opération, sous réserve des dispositions des articles 41 et 210 A à 210 C. Sous réserve des dispositions du troisième alinéa du 1, les dispositions du premier alinéa ne sont pas applicables en cas d'apport d'une entreprise individuelle à une société dans les conditions prévues à l'article 151 octies si la société bénéficiaire de l'apport prend l'engagement dans l'acte d'apport de réintégrer à ses résultats les plus-values à court terme comme aurait dû le faire l'entreprise apporteuse. 2 bis. La moins-value résultant de la cession, moins de deux ans après leur émission, de titres de participation acquis en contrepartie d'un apport réalisé et dont la valeur réelle à la date de leur émission est inférieure à leur valeur d'inscription en comptabilité n'est pas déductible, dans la limite du montant résultant de la différence entre la valeur d'inscription en comptabilité desdits titres et leur valeur réelle à la date de leur émission. 3 Le cas échéant, l'excédent des moins-values à court terme constaté au cours d'un exercice est déduit des bénéfices de cet exercice.",,
WEAKNEG_0069,article_neg_00284,Code général des impôts,298 sexdecies G,LEGIARTI000041471209,article_id::legiarti000041471209,low_clean_candidate_not_in_gold,"Conformément au A du IV de l'article 147 de la loi n° 2019-1479 du 29 décembre 2019, ces dispositions s'appliquent aux opérations pour lesquelles le fait générateur de la taxe sur la valeur ajoutée intervient à compter du 1er janvier 2021. Le III de l'article 51 de la loi n° 2020-1721 du 29 décembre 2020 à modifié cette date : 1er juillet 2021. I.-Peut se prévaloir du régime particulier de déclaration et de paiement exposé au présent article, tout assujetti : 1° Qui a établi en France le siège de son activité économique ou y dispose d'un établissement stable et qui fournit des prestations de services à des personnes non assujetties dont le lieu d'imposition est situé dans un autre Etat membre que la France et dans lequel il n'est pas établi ; 2° Qui effectue des ventes à distance intracommunautaires de biens ; 3° Qui facilite des livraisons de biens conformément au b du 2° du V de l'article 256 lorsque le lieu de départ et le lieu d'arrivée du transport des biens livrés se situent dans le même Etat membre. Ce régime est applicable à tous les biens et services ainsi fournis dans l'Union européenne. Est considéré comme un assujetti non établi dans l'Etat membre de consommation un assujetti qui a établi le siège de son activité économique dans l'Union ou y dispose d'un établissement stable mais qui n'a pas établi le siège de son activité économique sur le territoire de l'Etat membre de consommation et n'y dispose pas d'un établissement stable. Est considéré comme Etat membre de consommation : a) En cas de prestation de services, l'Etat membre dans lequel la prestation est réputée avoir lieu selon le chapitre 3 du titre V de la directive 2006/112/ CE du Conseil du 28 novembre 2006 relative au système commun de taxe sur la valeur ajoutée ; b) En cas de vente à distance intracommunautaire de biens, l'Etat membre d'arrivée de l'expédition ou du transport des biens à destination de l'acquéreur ; c) En cas de livraison de biens effectuée par un assujetti qui facilite ces livraisons conformément au b du 2° du V de l'article 256 du présent code lorsque le lieu de départ et d'arrivée de l'expédition ou du transport des biens livrés se situe dans le même Etat membre, ce même Etat membre. II.-L'assujetti informe l'administration du moment où il commence son activité imposable, la cesse ou la modifie au point de ne plus pouvoir se prévaloir de ce régime particulier. Il communique cette information et notifie à l'administration toute modification par voie électronique dans des conditions fixées par arrêté du ministre chargé du budget. III.-Un assujetti qui se prévaut du présent régime particulier n'est identifié, pour les opérations imposables dans le cadre de ce régime, qu'en France. A cette fin, il utilise le numéro individuel d'identification qui lui a déjà été attribué en application de l'article 286 ter. IV.-L'administration exclut l'assujetti du présent régime particulier dans les cas suivants : 1° S'il notifie qu'il ne réalise plus de livraisons de biens et de prestations de services couvertes par le présent régime particulier ; 2° Ou si l'administration peut présumer, par d'autres moyens, que ses activités imposables ont pris fin ; 3° Ou s'il ne remplit plus les conditions nécessaires pour être autorisé à se prévaloir du présent régime particulier ; 4° Ou si, de manière systématique, il ne se conforme pas aux règles relatives au présent régime particulier ; Les modalités d'une telle exclusion sont fixées par décret. V.-L'assujetti qui se prévaut du présent régime particulier dépose, pour chaque trimestre civil, par voie électronique une déclaration de taxe sur la valeur ajoutée, que des livraisons de biens et des prestations de services couvertes par le présent régime particulier aient été effectuées ou non au titre de la période. La déclaration de taxe sur la valeur ajoutée comporte le numéro d'identification et, pour chaque Etat membre de consommation dans lequel la taxe est due, la valeur totale hors taxe sur la valeur ajoutée des livraisons de biens et des prestations de services couvertes par le présent régime particulier pour la période imposable ainsi que le montant total de la taxe correspondante ventilé par taux d'imposition. Les taux d'imposition applicables et le montant total de la taxe due sont également indiqués. Lorsque les biens sont expédiés ou transportés à partir d'un Etat membre autre que la France, ou lorsque l'assujetti fournissant des services couverts par le présent régime particulier dispose d'un ou de plusieurs établissements stables situés ailleurs qu'en France à partir desquels les services sont fournis, la déclaration de taxe sur la valeur ajoutée comporte également les éléments suivants, ventilés par Etat membre de consommation : 1° La valeur totale, hors taxe, des opérations visées, les taux de taxe sur la valeur ajoutée applicables et le montant total de la taxe correspondante ventilé par taux d'imposition ; 2° Le montant total de la taxe sur la valeur ajoutée due pour les opérations visées, pour chaque Etat membre dans lequel l'assujetti dispose d'un établissement stable ou à partir duquel les biens sont expédiés ou transportés ; 3° Le numéro individuel d'identification à la taxe sur la valeur ajoutée ou le numéro d'enregistrement fiscal attribué par chacun de ces Etats membres. Les modalités de cette déclaration sont fixées par arrêté du ministre chargé du budget. VI.-Lorsqu'il est nécessaire d'apporter des modifications à la déclaration de taxe sur la valeur ajoutée après la transmission de celle-ci, ces modifications sont incluses dans une déclaration ultérieure, dans un délai de trois ans à compter de la date à laquelle la déclaration initiale devait être déposée conformément au V. Cette déclaration de taxe sur la valeur ajoutée ultérieure précise l'Etat membre de consommation concerné, la période imposable et le montant de taxe sur la valeur ajoutée pour lequel des modifications sont nécessaires. VII.-La déclaration de taxe sur la valeur ajoutée est libellée en euros. VIII.-L'assujetti qui se prévaut du présent régime particulier acquitte la taxe sur la valeur ajoutée, en mentionnant la déclaration de taxe sur la valeur ajoutée concernée mentionnée au V, au plus tard à l'expiration du délai dans lequel la déclaration doit être déposée. Le paiement est effectué sur un compte bancaire libellé en euros. IX.-1. Un assujetti qui se prévaut, dans un autre Etat membre, du régime particulier prévu à la section 3 du chapitre 6 du titre XII de la directive 2006/112/ CE du Conseil du 28 novembre 2006 précitée ne peut, en ce qui concerne ses activités imposables couvertes par ce régime particulier, déduire aucun montant de taxe sur la valeur ajoutée en France. La taxe afférente aux livraisons de biens et prestations de services couvertes par ce régime particulier est remboursée selon les modalités prévues au d du V de l'article 271 du présent code. 2. Nonobstant les dispositions du 1 du présent IX, si un assujetti qui se prévaut, dans un autre Etat membre, du régime particulier prévu à la section 3 du chapitre 6 du titre XII de la directive 2006/112/ CE du Conseil du 28 novembre 2006 précitée est tenu de se faire identifier en France pour des activités non couvertes par ce régime particulier, il opère la déduction de la taxe sur la valeur ajoutée afférente aux biens et services utilisés pour les besoins de ses opérations imposables couvertes par ce régime particulier conformément à l'article 271 du présent code. X.-L'assujetti qui se prévaut du présent régime particulier tient un registre des opérations relevant de ce régime particulier. Ce registre doit, sur demande, être mis par voie électronique à la disposition de l'administration et de l'Etat membre de consommation. Il est suffisamment détaillé pour permettre à l'administration de l'Etat membre de consommation de vérifier l'exactitude de la déclaration de taxe sur la valeur ajoutée mentionnée au V du présent code. Le registre est conservé pendant dix ans à partir du 31 décembre de l'année de l'opération.",,
WEAKNEG_0070,article_neg_00256,Code général des impôts,223 VW octies,LEGIARTI000048803940,article_id::legiarti000048803940,low_clean_candidate_not_in_gold,"Conformément au A du IV de l'article 33 de la loi n° 2023-1322 du 29 décembre 2023, ces dispositions s'appliquent aux exercices ouverts à compter du 31 décembre 2023. Lorsque le bénéfice qualifié d'un établissement stable est considéré comme le bénéfice qualifié du siège conformément à l'article 223 VQ quinquies, un impôt couvert dû dans l'Etat ou le territoire où est situé l'établissement stable et afférent à ce bénéfice est considéré comme un impôt couvert du siège à concurrence du montant du produit de ce bénéfice par le taux normal de l'impôt sur les sociétés ou le taux plus élevé de l'impôt équivalent sur les bénéfices applicable dans l'Etat ou le territoire où est situé le siège.",,
WEAKNEG_0071,article_neg_00060,Code de commerce,R711-63,LEGIARTI000039471884,article_id::legiarti000039471884,low_clean_candidate_not_in_gold,"I.-Les droits de vote à l'assemblée générale se définissent comme suit : 1° Le total des droits de vote des présidents de chambres de commerce et d'industrie territoriales, locales et départementales d'Ile-de-France ainsi que des chambres des collectivités d'outre-mer régies par l'article 74 de la Constitution et de la Nouvelle-Calédonie est égal au total des droits de vote des présidents des chambres de commerce et d'industrie de région ; 2° Chaque président de chambre de commerce et d'industrie territoriale, locale et départementale d'Ile-de-France ainsi que des chambres des collectivités d'outre-mer régies par l'article 74 de la Constitution et de la Nouvelle-Calédonie dispose d'une voix ; 3° Les présidents des chambres de commerce et d'industrie de région disposent, dans des conditions définies par arrêté du ministre en charge de la tutelle des chambres de commerce et d'industrie, d'un nombre de voix établi au prorata du poids économique de leur chambre de commerce et d'industrie de région, déterminé en fonction de l'étude économique mentionnée à l'article R. 713-66 ; 4° Dans les régions où il n'existe qu'une seule chambre de commerce et d'industrie territoriale, dénommée chambre de commerce et d'industrie de région, son président dispose du cumul des voix mentionnées aux 2° et 3° du présent article. II.-Tout membre de l'assemblée générale, président ou suppléant désignés en application de l'article R. 711-57, empêché d'assister à la séance, peut donner à un président ou à un suppléant de son choix, pouvoir écrit de voter en son nom. Chaque mandataire ne peut disposer de pouvoirs qu'émanant de représentants des chambres relevant du ressort de la chambre de région de rattachement ou, pour les présidents de chambres d'outre-mer, d'un président d'une autre chambre d'outre-mer. Par dérogation au premier alinéa, lorsqu'il est procédé à des votes concernant des personnes, chaque membre de CCI France ne dispose que d'une voix, qu'il peut confier par procuration à un autre président ou suppléant de la même circonscription régionale, ou, pour un président d'une chambre d'outre-mer, à un président d'une autre chambre d'outre-mer.",,
WEAKNEG_0072,article_neg_00218,"Code général des impôts, annexe IV",155-00 ter,LEGIARTI000026203819,article_id::legiarti000026203819,low_clean_candidate_not_in_gold,"Ordonnance n° 2010-1307 du 28 octobre 2010, art. 3, 7 [39°] et 17. Pour l'application des dispositions de l'article 1599 quater A bis du code général des impôts, sont considérés comme des matériels roulants relevant de la catégorie "" Métro "" les matériels roulants de transport public guidé de voyageurs qui circulent sur les lignes mentionnées aux articles L. 2142-1 et L. 2142-2 du code des transports et dont la captation d'énergie s'effectue par un système d'alimentation électrique par troisième rail. Les matériels roulants relevant de cette catégorie comprennent : 1° Les motrices qui sont les caisses motrices d'une rame et qui accueillent des voyageurs ; 2° Les remorques qui sont des caisses non motorisées et qui accueillent des voyageurs.",,
WEAKNEG_0073,article_neg_00260,Code général des impôts,223 WM bis,LEGIARTI000048804079,article_id::legiarti000048804079,low_clean_candidate_not_in_gold,"Conformément au A du IV de l'article 33 de la loi n° 2023-1322 du 29 décembre 2023, ces dispositions s'appliquent aux exercices ouverts à compter du 31 décembre 2023. L'acquisition ou la cession d'une participation conférant le contrôle d'une entité est considérée comme un transfert d'actifs et de passifs au sens du 1° de l'article 223 WN si l'Etat ou le territoire dans lequel est située cette entité ou, dans le cas d'une entité transparente, l'Etat ou le territoire dans lequel sont situés les actifs impose au cédant un impôt couvert assis sur la différence entre la valeur fiscale des actifs et des passifs transférés et la contrepartie versée en échange de la participation conférant le contrôle ou la juste valeur de ces actifs et de ces passifs.",,
WEAKNEG_0074,article_neg_00428,Code de la consommation,L511-19,LEGIARTI000032225159,article_id::legiarti000032225159,low_clean_candidate_not_in_gold,Les modalités de prélèvement d'échantillons et de contre-analyse sont définies par décret en Conseil d'Etat.,,
WEAKNEG_0075,article_neg_00403,Code général des impôts,1649 AG,LEGIARTI000051215673,article_id::legiarti000051215673,low_clean_candidate_not_in_gold,"I.-1° L'intermédiaire souscrit la déclaration prévue à l'article 1649 AD dans un délai de trente jours à compter de la première des dates suivantes : a) Le lendemain du jour de la mise à disposition aux fins de mise en œuvre du dispositif transfrontière devant faire l'objet d'une déclaration ; b) Le lendemain du jour où le dispositif transfrontière devant faire l'objet d'une déclaration est prêt à être mis en œuvre ; c) Le jour de la réalisation de la première étape de la mise en œuvre du dispositif transfrontière ; 2° Nonobstant les dispositions du 1° du présent I, les intermédiaires mentionnés au second alinéa du 1° du I de l'article 1649 AE sont tenus de souscrire la déclaration prévue à l'article 1649 AD dans un délai de trente jours à compter du lendemain du jour où ils ont fourni, directement ou par l'intermédiaire d'autres personnes, une aide, une assistance ou des conseils ; 3° (Abrogé) 4° L'intermédiaire communique également tous les trois mois une mise à jour des informations précisées par décret relatives à des dispositifs conçus, commercialisés, prêts à être mis en œuvre ou mis à disposition aux fins de mise en œuvre sans avoir besoin d'être adaptés de façon importante. Les modalités de cette mise à jour sont précisées par décret ; 5° L'intermédiaire informe chaque personne physique concernée par la déclaration prévue à l'article 1649 AD que les données la concernant qui sont transférées à l'administration fiscale peuvent être communiquées à l'administration fiscale d'un autre Etat membre de l'Union européenne ou d'un Etat ou d'un territoire ayant conclu avec la France une convention permettant un échange automatique des informations mentionnées au IV du même article 1649 AD. L'intermédiaire fournit à la personne qui réalise des opérations mentionnées au I dudit article 1649 AD les informations qui la concernent et sont transmises à l'administration fiscale, dans un délai suffisant pour lui permettre d'exercer ses droits en matière de protection des données et, en tout état de cause, avant que ces informations ne soient communiquées à l'administration fiscale. II.-1° Le contribuable concerné à qui incombe l'obligation de déclaration prévue à l'article 1649 AD souscrit la déclaration dans un délai de trente jours à compter de la première des dates suivantes : a) Le lendemain du jour de la mise à disposition aux fins de mise en œuvre du dispositif transfrontière devant faire l'objet d'une déclaration ; b) Du lendemain du jour où le dispositif transfrontière devant faire l'objet d'une déclaration est prêt à être mis en œuvre ; c) Du jour de la réalisation de la première étape de la mise en œuvre du dispositif transfrontière ; 2° Nonobstant les dispositions du 1° du présent II, lorsque le contribuable concerné a reçu notification de son obligation déclarative en application du 4° du I, il souscrit la déclaration dans un délai de trente jours à compter du jour de la réception de cette notification. Chaque contribuable concerné par un dispositif transfrontière devant faire l'objet d'une déclaration déclare chaque année l'utilisation qu'il en a faite au titre de l'année précédente selon les modalités fixées par un arrêté du ministre chargé du budget. III.-Pour l'application des dispositions des I et II, la première étape de la mise en œuvre s'entend de tout acte juridique ou opération économique, comptable ou d'option fiscale en vue de mettre en œuvre le dispositif transfrontière.",,
WEAKNEG_0076,article_neg_00399,Code général des impôts,199 terdecies-0 A bis,LEGIARTI000051213424,article_id::legiarti000051213424,low_clean_candidate_not_in_gold,"Conformément au III de l'article 12 de la LOI n° 2025-127 du 14 février 2025 de finances pour 2025, la perte de recettes résultant pour l'Etat des I et II dudit article est compensée, à due concurrence, par la création d'une taxe additionnelle à l'accise sur les tabacs prévue au chapitre IV du titre Ier du livre III du code des impositions sur les biens et services. I.-L'article 199 terdecies-0 A s'applique, sous réserve des II à IV du présent article, aux versements effectués au titre des souscriptions en numéraire réalisées entre le 1er janvier 2024 et le 31 décembre 2028 au capital : 1° Des entreprises qui, à la date de la souscription, sont qualifiées de jeunes entreprises innovantes en application de l'article 44 sexies-0 A ; 2° Des sociétés mentionnées au premier alinéa du D du I de l'article 199 terdecies-0 A qui souscrivent au capital des entreprises mentionnées au 1° du présent I. Il s'applique également, dans les mêmes conditions, aux souscriptions en numéraire de parts de fonds communs de placement dans l'innovation mentionnés à l'article L. 214-30 du code monétaire et financier ou d'un organisme similaire d'un autre Etat membre de l'Union européenne ou d'un Etat partie à l'accord sur l'Espace économique européen ayant conclu avec la France une convention d'assistance administrative en vue de lutter contre la fraude et l'évasion fiscales qui sont investies en titres d'entreprises mentionnées au 1° du présent I. II.-A.-Par dérogation au A des I et VI de l'article 199 terdecies-0 A, le taux de la réduction d'impôt est porté à 30 % pour les souscriptions mentionnées au I du présent article. B.-Par dérogation au a du D du I de l'article 199 terdecies-0 A, est retenu au numérateur le montant des seuls versements effectués par la société mentionnée au 2° du I du présent article, au titre des souscriptions en numéraire au capital des entreprises mentionnées au 1° du même I avant la date de clôture de l'exercice au cours duquel le contribuable a procédé aux versements correspondants à sa souscription dans cette société. C.-Par dérogation au II et au B du VI de l'article 199 terdecies-0 A : 1° Les versements mentionnés au I du présent article sont retenus dans la limite d'un montant de 75 000 € pour les contribuables célibataires, veufs ou divorcés et de 150 000 € pour les contribuables mariés ou liés par un pacte civil de solidarité et soumis à imposition commune. Ils sont retenus, après imputation des droits ou frais d'entrée, à proportion des investissements par les fonds mentionnés au dernier alinéa du I du présent article en titres d'entreprises mentionnées au 1° du même I ; 2° Les deux derniers alinéas ne sont pas applicables. III.-Le total de l'avantage résultant de l'application du présent article et de l'article 199 terdecies-0 A ter ne peut pas procurer une réduction de l'impôt dû supérieure à 50 000 € sur la période du 1er janvier 2024 au 31 décembre 2028. IV.-La réduction d'impôt mentionnée au I du présent article ne s'applique pas à la fraction des versements effectués au titre de souscriptions ayant ouvert droit à la réduction d'impôt mentionnée au I de l'article 199 terdecies-0 A ter.",,
WEAKNEG_0077,article_neg_00269,Code général des impôts,223 WX,LEGIARTI000048804230,article_id::legiarti000048804230,low_clean_candidate_not_in_gold,"Conformément au A du IV de l'article 33 de la loi n° 2023-1322 du 29 décembre 2023, ces dispositions s'appliquent aux exercices ouverts à compter du 31 décembre 2023. Pour l'application du présent chapitre, est entendu par exercice de transition le premier exercice au titre duquel un groupe d'entreprises multinationales ou un groupe national entre pour la première fois, pour ce qui concerne un Etat ou territoire, dans le champ d'application de l'impôt complémentaire mentionné à l'article 223 VL et est soumis au présent chapitre.",,
WEAKNEG_0078,article_neg_00133,Code de commerce,L831-3,LEGIARTI000048651575,article_id::legiarti000048651575,low_clean_candidate_not_in_gold,"Conformément à l'article 43 de l'ordonnance n° 2023-1210 du 20 décembre 2023, ces dispositions entrent en vigueur le 1er juillet 2025 et sont applicables aux impositions pour lesquelles le fait générateur intervient à compter de cette date. Pour l'application du présent titre, sont assimilés à des fabricants d'ouvrages d'or, d'argent ou de platine : 1° Les personnes qui, à partir de matières qui leur appartiennent ou non, font réaliser ces ouvrages pour leur compte par des tiers ; 2° Les personnes qui mettent sur le marché ces ouvrages en provenance des autres Etats membres de l'Union européenne et des pays tiers, ou leurs représentants.",,
WEAKNEG_0079,article_neg_00425,Code de la consommation,L312-62,LEGIARTI000032226049,article_id::legiarti000032226049,low_clean_candidate_not_in_gold,"Lorsqu'un consommateur se voit proposer, sur le lieu de vente ou par un moyen de vente de biens ou de services à distance, un contrat de crédit renouvelable pour financer l'achat de biens ou de prestations de services particuliers pour un montant supérieur à un seuil fixé par décret, le prêteur ou l'intermédiaire de crédit accompagne l'offre de crédit renouvelable d'une proposition de crédit amortissable. La proposition comporte les informations permettant au consommateur de comparer de façon claire le fonctionnement, le coût et les modalités d'amortissement des deux crédits proposés selon au moins deux hypothèses de délai de remboursement. Ces informations ainsi que les conditions de leur présentation sont définies par décret. Si le consommateur opte pour le crédit amortissable qui lui est proposé, le prêteur ou l'intermédiaire de crédit lui fournit l'offre de crédit correspondant à la proposition.",,
WEAKNEG_0080,article_neg_00289,Code général des impôts,41,LEGIARTI000020033991,article_id::legiarti000020033991,low_clean_candidate_not_in_gold,"I. – Les plus-values soumises au régime des articles 39 duodecies à 39 quindecies et réalisées par une personne physique à l'occasion de la transmission à titre gratuit d'une entreprise individuelle peuvent bénéficier des dispositions suivantes : a. L'imposition des plus-values afférentes aux éléments de l'actif immobilisé constatées à l'occasion de cette transmission fait l'objet d'un report jusqu'à la date de cession ou de cessation de l'entreprise ou jusqu'à la date de cession d'un de ces éléments si elle est antérieure. L'imposition des plus-values visées au premier alinéa est effectuée à la date à laquelle il est mis fin au report au nom du ou des bénéficiaires de la transmission de l'entreprise individuelle. b. En cas de cession à titre onéreux de ses droits par un bénéficiaire, il est mis fin au report d'imposition pour le montant de la plus-value afférente à ses droits. L'imposition des plus-values est effectuée au nom de ce bénéficiaire. c. En cas de nouvelle transmission à titre gratuit par l'un des bénéficiaires de la transmission visée au premier alinéa, le report est maintenu si le bénéficiaire de la nouvelle transmission prend l'engagement d'acquitter l'impôt sur la plus-value à la date où l'un des événements cités au a ou b se réalise. A défaut, l'imposition des plus-values afférentes aux éléments transmis est effectuée au nom du donateur ou du défunt. d. En cas d'apport en société dans les conditions prévues aux I et II de l'article 151 octies, le report d'imposition est maintenu si le ou les bénéficiaires ayant réalisé l'apport prennent l'engagement d'acquitter l'impôt sur la plus-value en report à la date ou l'un des événements cités au a se réalise. A défaut, l'imposition des plus-values afférentes aux éléments apportés est effectuée au nom du ou des apporteurs. En cas de cession de tout ou partie des titres reçus en rémunération de cet apport, il est mis fin au report au nom du ou des bénéficiaires ayant réalisé l'apport. d bis. En cas de partage avec soulte, le report d'imposition est maintenu si le ou les attributaires de l'entreprise individuelle prennent l'engagement d'acquitter l'impôt sur la plus-value en report à la date où l'un des événements cités aux a ou b se réalise. e. Pour l'application du présent article, la mise en location-gérance de tout ou partie de l'entreprise est assimilée à une cessation totale ou partielle. II. – Lorsque l'activité est poursuivie pendant au moins cinq ans à compter de la date de la transmission visée au premier alinéa du I, les plus-values demeurant en report définies au premier alinéa du a du I sont définitivement exonérées. III. – Les profits afférents aux stocks constatés à l'occasion de la transmission visée au premier alinéa du I ne sont pas imposés si le ou les nouveaux exploitants bénéficiaires inscrivent ces stocks à la valeur comptable pour laquelle ils figurent au bilan de l'ancienne entreprise. IV. – a. Le régime défini au I s'applique sur option exercée par le ou les exploitants et, si tel est le cas, par les autres bénéficiaires lors de l'acceptation de la transmission par ces derniers. b. Le ou les bénéficiaires ayant opté pour le régime défini au I communiquent à l'administration un état faisant apparaître le montant des plus-values réalisées lors de la transmission et dont l'imposition est reportée conformément aux a, c et d du I. c. Le ou les bénéficiaires mentionnés au a doivent joindre à la déclaration prévue à l'article 170, au titre de l'année en cours à la date de la transmission et des années suivantes, un état faisant apparaître les renseignements nécessaires au suivi des plus-values dont l'imposition est reportée conformément aux a, c et d du I. d. Le ou les exploitants mentionnés au a joignent à leur déclaration de résultat un état faisant apparaître, pour chaque nature d'élément, les renseignements nécessaires au calcul des plus-values imposables. e) L'article 151 septies ne s'applique pas en cas d'exercice de l'option prévue au a. V. – Un décret précise les obligations déclaratives.",,
WEAKNEG_0081,article_neg_00246,Code général des impôts,1649 bis A,LEGIARTI000006312525,article_id::legiarti000006312525,low_clean_candidate_not_in_gold,"Loi 98-1266 1998-12-30 art. 7 IV : Ces dispositions sont applicables pour la détermination des résultats des années 1999 et suivantes. Sans préjudice des dispositions de l'article L. 85 du livre des procédures fiscales concernant le droit de communication de l'administration des impôts, les commerçants et artisans en ce qui concerne l'imposition de leur bénéfice ou de leur chiffre d'affaires, peuvent être tenus, suivant des modalités qui seront fixées par décret, de déclarer à l'administration le montant total, par client, des ventes autres que les ventes au détail, réalisées au cours de l'année civile ou de leur exercice comptable lorsque cet exercice ne coïncide pas avec l'année civile. Pour l'application du présent article, il faut entendre par ventes au détail les ventes faites à un prix de détail portant sur des quantités qui n'excèdent pas les besoins privés normaux d'un consommateur. Ne sont pas considérées comme faites au détail : – les ventes portant sur des objets qui, en raison de leur nature ou de leur emploi, ne sont pas usuellement utilisés par de simples particuliers ; – les ventes faites à des prix identiques, qu'elles soient réalisées en gros ou en détail ; – les ventes de produits destinés à la revente, quelle que soit l'importance des quantités livrées.",,
WEAKNEG_0082,article_neg_00393,Code général des impôts,1655 sexies A,LEGIARTI000051218404,article_id::legiarti000051218404,low_clean_candidate_not_in_gold,"Pour l'imposition de leurs bénéfices et celle de leurs associés, les sociétés de libre partenariat et les sociétés de libre partenariat spéciales mentionnées à l'article L. 214-154 du code monétaire et financier sont assimilées à un fonds professionnel de capital investissement constitué sous la forme d'un fonds commun de placement pour l'application du présent code et de ses annexes et elles sont soumises aux mêmes obligations déclaratives que ces fonds.",,
WEAKNEG_0083,article_neg_00266,Code général des impôts,223 WV quater,LEGIARTI000048804191,article_id::legiarti000048804191,low_clean_candidate_not_in_gold,"Conformément au A du IV de l'article 33 de la loi n° 2023-1322 du 29 décembre 2023, ces dispositions s'appliquent aux exercices ouverts à compter du 31 décembre 2023. Pour l'application du présent paragraphe, le transfert d'une participation directe ou indirecte dans l'entité d'investissement ou l'entité d'investissement d'assurance à une entité qui n'appartient pas au groupe d'entreprises multinationales ou au groupe national constitue un revenu réputé distribué. Ce revenu réputé distribué est égal à la part du bénéfice qualifié non distribué afférent à cette participation à la date du transfert, déterminée conformément à l'article 223 WV ter.",,
WEAKNEG_0084,article_neg_00376,Code général des impôts,39 duodecies,LEGIARTI000051203546,article_id::legiarti000051203546,low_clean_candidate_not_in_gold,"Conformément au II de l'article 65 de la loi n° 2025-127 du 14 février 2025, ces dispositions sont applicables aux opérations remplissant les conditions prévues à l'article 13 de l'ordonnance n° 2023-393 du 24 mai 2023 portant réforme du régime des fusions, scissions, apports partiels d'actifs et opérations transfrontalières des sociétés commerciales. 1. Par dérogation aux dispositions de l'article 38, les plus-values provenant de la cession d'éléments de l'actif immobilisé sont soumises à des régimes distincts suivant qu'elles sont réalisées à court ou à long terme. 2. Le régime des plus-values à court terme est applicable : a. Aux plus-values provenant de la cession d'éléments acquis ou créés depuis moins de deux ans. Le cas échéant, ces plus-values sont majorées du montant des amortissements expressément exclus des charges déductibles ainsi que de ceux qui ont été différés en méconnaissance des dispositions de l'article 39 B ; b. Aux plus-values réalisées à l'occasion de la cession d'éléments détenus depuis deux ans au moins, dans la mesure où elles correspondent à des amortissements déduits pour l'assiette de l'impôt. Le cas échéant, ces plus-values sont majorées du montant des amortissements expressément exclus des charges déductibles ainsi que de ceux qui ont été différés en contravention aux dispositions de l'article 39 B ; c. Aux plus-values réalisées à l'occasion de la cession de titres de sociétés établies dans un Etat ou territoire non coopératif au sens de l'article 238-0 A autre que ceux mentionnés au 2° du 2 bis du même article 238-0 A détenus depuis deux ans au moins, sauf si la société détentrice de ces titres apporte la preuve que les opérations de la société établie hors de France dans laquelle est prise la participation correspondent à des opérations réelles qui n'ont ni pour objet ni pour effet de permettre, dans un but de fraude fiscale, la localisation de bénéfices dans un tel Etat ou territoire. 3. Le régime des plus-values à long terme est applicable aux plus-values autres que celles définies au 2. 4. Le régime des moins-values à court terme s'applique : a. aux moins-values subies lors de la cession de biens non amortissables détenus depuis moins de deux ans ; b. aux moins-values subies lors de la cession de biens amortissables, quelle que soit la durée de leur détention. Le cas échéant, ces moins-values sont diminuées du montant des amortissements expressément exclus des charges déductibles ainsi que de ceux qui ont été différés en contravention aux dispositions de l'article 39 B. 5. Le régime des moins-values à long terme s'applique aux moins-values autres que celles définies au 4. 6. Pour l'application du présent article, les cessions de titres compris dans le portefeuille sont réputées porter par priorité sur les titres de même nature acquis ou souscrits à la date la plus ancienne. Pour l'application de ces dispositions, les titres inscrits dans une comptabilité auxiliaire d'affectation qui sont soumis aux règles de l'article L. 134-4, de l'article L. 142-5, de l'article L. 143-7, du VII de l'article L. 144-2, de l'article L. 381-2 ou de l'article L. 441-8 du code des assurances, constituent un portefeuille distinct. Pour l'application des dispositions du premier alinéa, les titres reçus en rémunération d'un apport partiel d'actif ou d'une scission soumis au régime prévu à l'article 210 B et ceux qui sont acquis ou souscrits indépendamment de l'opération d'apport ou de scission constituent deux catégories distinctes de titres jusqu'à la fin du délai de trois ans prévu à l'article 210 B. Les cessions de titres intervenues dans ce délai sont réputées porter en priorité sur les titres acquis ou souscrits indépendamment de l'opération d'apport ou de scission. 6 bis. Le régime fiscal des plus et moins-values à long terme prévu par le présent article et les articles suivants n'est pas applicable à la quote-part des profits distribués par un fonds de placement immobilier mentionné à l'article 239 nonies. 6 ter. Le régime fiscal des plus et moins-values prévu au présent article s'applique aux cessions de parts d'un fonds de placement immobilier mentionné à l'article 239 nonies lorsque l'actif du fonds est, au moment de la cession des parts, constitué, pour plus de 50 % de sa valeur, par des immeubles auxquels sont affectés, en vue de leur location, des meubles meublants, biens d'équipement ou biens meubles affectés à ces immeubles et nécessaires au fonctionnement, à l'usage ou à l'exploitation de ces derniers par un tiers, mentionnés à l'article L. 214-34 du code monétaire et financier et si le porteur de parts est considéré comme exerçant à titre professionnel, au sens du IV de l'article 155 du présent code. Le montant de la plus-value est alors majoré des fractions d'amortissement théorique des immeubles déduites dans les conditions mentionnées au 2 du II de l'article 239 nonies et qui n'ont pas fait l'objet d'une réintégration en application du f du 1 du même II. 7. DISPOSITIONS APPLICABLES AUX CONTRATS CONCLUS JUSQU'AU 31 DECEMBRE 1995. Le régime fiscal des plus-values prévu par le présent article et les articles suivants n'est pas applicable aux plus-values réalisées par les sociétés de crédit-bail ou plus généralement les sociétés qui ont pour objet social la location d'équipements, sur la vente des éléments de l'actif immobilisé faisant l'objet d'une location dans le cadre de leur activité. DISPOSITIONS APPLICABLES AUX CONTRATS CONCLUS A COMPTER DU 1er JANVIER 1996. Le régime fiscal des plus-values prévu par le présent article et les articles suivants n'est pas applicable aux plus-values réalisées : a. par les entreprises effectuant des opérations visées aux 1 et 2 de l'article L. 313-7 du code monétaire et financier lors de la cession des éléments de leur actif immobilisé faisant l'objet d'un contrat de crédit-bail ; b. par les sociétés qui ont pour objet social la location d'équipements lors de la cession des éléments de l'actif immobilisé faisant l'objet d'une location dans le cadre de leur activité. Ces dispositions ne s'appliquent que lorsque l'élément cédé a été préalablement loué avant d'être vendu et que l'acheteur est le locataire lui-même. 8. En cas de cession par le prêteur ou le constituant initial de titres restitués à l'issue d'un prêt mentionné à l'article L. 211-22 du code monétaire et financier ou d'une remise en garantie réalisée dans les conditions prévues à l'article 38 bis-0 A bis, le délai de deux ans prévu aux 2 et 4 s'apprécie à compter de la date de la première inscription à son bilan des titres restitués. 9. Lorsque la vente d'un élément de l'actif immobilisé est annulée ou résolue pendant un exercice postérieur à celui au cours duquel la vente est intervenue, le cédant inscrit à son bilan cet élément ainsi que les amortissements et provisions de toute nature y afférents tels qu'ils figuraient dans ses comptes annuels à la date de la cession. La somme correspondant au montant de la plus-value à long terme réalisée au titre de la vente de l'élément en cause est admise en déduction directement ou sous forme de provisions, selon le régime applicable aux moins-values à long terme. Il en est de même en cas de réduction du prix de cession postérieurement à la clôture de l'exercice au cours duquel la cession est réalisée. Dans ce cas, la perte correspondante est soumise au régime des moins-values à long terme dans la limite de la plus-value de cession qui a été considérée comme une plus-value à long terme. Lorsque la vente ayant donné lieu à la constatation d'une moins-value à long terme est annulée ou résolue, le profit qui en résulte est imposable selon le régime des plus-values à long terme. Ces dispositions sont applicables pour la détermination des résultats des exercices clos à compter du 31 décembre 1992. 10. Lorsqu'une société ou un organisme qui cesse d'être soumis à l'un des régimes mentionnés au premier alinéa du II de l'article 202 ter cède des éléments de l'actif immobilisé inscrits au bilan d'ouverture du premier exercice ou de la première période d'imposition dont les résultats sont soumis à l'impôt sur les sociétés, le délai de deux ans prévu aux 2 et 4 est apprécié à compter de la date d'ouverture de cet exercice ou de cette période d'imposition. La fraction de la plus-value correspondant aux amortissements visés au deuxième alinéa du II du même article est considérée comme à court terme pour l'application du b du 2. 11. Les plus-values mentionnées au 1 sont minorées du montant résultant de l'engagement de partage dû en application des articles L. 23-11-1 à L. 23-11-4 du code de commerce. 12. Le régime fiscal des plus ou moins-values prévu au présent article s'applique aux cessions de titres d'une société issue d'une opération de fusion ou de scission sans échange de titres au sens des 3° ou 4° du II de l'article L. 236-3 du code de commerce. Lorsque la plus ou moins-value mentionnée au premier alinéa du présent 12 relève du régime des plus ou moins-values à long terme, mais que les titres de la société absorbée ou scindée ont été acquis depuis moins de deux ans à la date de la cession, la plus ou moins-value correspondant à la quote-part de valeur de ces titres ajoutée à celle des titres de la société bénéficiaire des apports réalisés lors de l'opération de fusion ou de scission, est calculée distinctement. La plus ou moins-value ainsi calculée est considérée comme une plus ou moins-value à court terme. Lorsque la plus ou moins-value mentionnée au premier alinéa du présent 12 relève du régime des plus ou moins-values à court terme, mais que les titres de la société absorbée ou scindée, éligibles au régime des plus ou moins-values à long terme, ont été acquis depuis plus de deux ans à la date de la cession, la plus ou moins-value correspondant à la quote-part de valeur de ces titres ajoutée à celle des titres de la société bénéficiaire des apports réalisés lors de l'opération de fusion ou de scission est calculée distinctement. La plus ou moins-value ainsi calculée est considérée comme une plus ou moins-value à long terme. La plus ou moins-value correspondant à la quote-part de valeur des titres de la société absorbée ou scindée mentionnée aux deuxième et troisième alinéas du présent 12 est égale à la différence entre, d'une part, la fraction du prix de cession des titres mentionnés au premier alinéa du présent 12 obtenue après application du rapport entre la valeur vénale des titres de la société absorbée ou scindée et la somme de cette même valeur et de la valeur vénale des titres de la société absorbante ou bénéficiaire au jour de la fusion ou de la scission et, d'autre part, le prix de revient des titres de la société absorbée ou scindée.",,
WEAKNEG_0085,article_neg_00295,Code général des impôts,160 quater,LEGIARTI000030700820,article_id::legiarti000030700820,low_clean_candidate_not_in_gold,"Conformément à l'article 88 II de la loi n° 2014-1655 du 29 décembre 2014 de finances rectificative pour 2014, ces dispositions s'appliquent aux rachats effectués à compter du 1er janvier 2015. Modifications effectuées en conséquence de l'article 30-I de la loi n° 2014-856 du 31 juillet 2014. Lorsqu'une société procède aux opérations prévues aux articles 48 et 49 de la loi n° 78-763 du 19 juillet 1978 portant statut des sociétés coopératives de production, les opérations d'annulation des actions ou parts sociales sont considérées comme des cessions taxables dans les conditions prévues à l'article 150-0 A lorsque ces actions ou parts sont détenues dans les conditions du f du I de l'article 164 B.",,
WEAKNEG_0086,article_neg_00429,Code de la consommation,L512-39,LEGIARTI000032225035,article_id::legiarti000032225035,low_clean_candidate_not_in_gold,Les dispositions de la présente sous-section s'appliquent aux prélèvements réalisés dans le cadre de la recherche et de la constatation des infractions. Les essais et analyses réalisés sur ces échantillons sont contradictoires. Les modalités de prélèvement et d'expertise contradictoire sont définies par décret en Conseil d'Etat.,,
WEAKNEG_0087,article_neg_00067,Code de commerce,D145-34,LEGIARTI000025731124,article_id::legiarti000025731124,low_clean_candidate_not_in_gold,"Décret n° 2011-2058 du 30 décembre 2011 art 4 : les présentes dispositions s'appliquent : - à compter du 1er janvier 2012, aux baux conclus ou renouvelés à partir de cette date ; - à compter du 14 juillet 2013, aux baux en cours. Le contenu de l'annexe environnementale mentionnée à l'article L. 125-9 du code de l'environnement est défini aux articles R. 137-1 à R. 137-3 du code de la construction et de l'habitation.",,
WEAKNEG_0088,article_neg_00026,Code de commerce,R228-96,LEGIARTI000006263182,article_id::legiarti000006263182,low_clean_candidate_not_in_gold,Les cours de bourse à retenir pour l'application du présent titre sont les derniers cours cotés.,,
WEAKNEG_0089,article_neg_00268,Code général des impôts,223 WS quinquies,LEGIARTI000048807689,article_id::legiarti000048807689,low_clean_candidate_not_in_gold,"Conformément au A du IV de l'article 33 de la loi n° 2023-1322 du 29 décembre 2023, ces dispositions s'appliquent aux exercices ouverts à compter du 31 décembre 2023. Le solde éventuel figurant dans l'état de suivi de l'impôt sur les distributions présumées à la clôture du quatrième exercice suivant celui au titre duquel cet état de suivi a été établi est considéré comme une réduction du montant corrigé des impôts couverts déterminé précédemment pour cet exercice. Le taux effectif d'imposition et l'impôt complémentaire au titre de cet exercice doivent être recalculés en conséquence, conformément à la sous-section 3 de la section IV.",,
WEAKNEG_0090,article_neg_00344,Code général des impôts,257 ter,LEGIARTI000042852975,article_id::legiarti000042852975,low_clean_candidate_not_in_gold,"I.-Chaque opération imposable à la taxe sur la valeur ajoutée est considérée comme étant distincte et indépendante et suit son régime propre déterminé en fonction de son élément principal ou de ses éléments autres qu'accessoires. L'étendue d'une opération est déterminée, conformément au II, à l'issue d'une appréciation d'ensemble réalisée du point de vue du consommateur, envisagé comme un consommateur moyen, tenant compte de l'importance qualitative et quantitative des différents éléments en cause ainsi que de l'ensemble des circonstances dans lesquelles l'opération se déroule. II.-Relèvent d'une seule et même opération les éléments qui sont si étroitement liés qu'ils forment, objectivement, une seule prestation économique indissociable dont la décomposition revêtirait un caractère artificiel. Lorsqu'un élément est accessoire à un ou plusieurs autres éléments, il relève de la même opération que ces derniers. III.-Par dérogation aux I et II, constituent une prestation de services unique suivant son régime propre les différents éléments fournis pour la réalisation d'un voyage par une agence de voyages ou un organisateur de circuits touristiques qui agit en son nom à l'égard du voyageur et recourt à des livraisons de biens ou des prestations de services d'autres assujettis.",,
WEAKNEG_0091,article_neg_00430,Code de la consommation,L611-4,LEGIARTI000032224809,article_id::legiarti000032224809,low_clean_candidate_not_in_gold,"Ne sont pas considérés comme des litiges de consommation, au sens du présent titre, les litiges concernant : 1° Les services d'intérêt général non économiques ; 2° Les services de santé fournis par des professionnels de la santé aux patients pour évaluer, maintenir ou rétablir leur état de santé, y compris la prescription, l'administration et la fourniture de médicaments et de dispositifs médicaux ; 3° Les prestataires publics de l'enseignement supérieur.",,
WEAKNEG_0092,article_neg_00427,Code de la consommation,L414-1,LEGIARTI000032225458,article_id::legiarti000032225458,low_clean_candidate_not_in_gold,"Les établissements traitant par ionisation des denrées destinées à l'alimentation humaine ou animale font l'objet d'un agrément par l'autorité administrative dans des conditions prévues par décret en Conseil d'Etat. Toutefois, l'agrément n'est pas requis lorsque ces établissements traitent par ionisation des denrées dont la liste est définie par décret en Conseil d'Etat.",,
WEAKNEG_0093,article_neg_00220,"Code général des impôts, annexe IV",41 septies A,LEGIARTI000046386223,article_id::legiarti000046386223,low_clean_candidate_not_in_gold,"Se reporter aux modalités d'application prévues aux I et II de l'article 3 de l'arrêté du 7 octobre 2022 (NOR : ECOE2218934A). I.-L'audit de conformité mentionné au c du 6° du I de l'article 242 nonies B et au 1° du I de l'article 242 nonies C de l'annexe II au code général des impôts permet de s'assurer : 1° En matière d'interopérabilité des échanges : a) Du respect par l'opérateur de plateforme de dématérialisation partenaire du socle minimum de formats prévu au 1° du I de l'article 41 septies C ; b) Du raccordement effectif de l'opérateur de plateforme de dématérialisation partenaire au portail public de facturation ; c) De son raccordement effectif avec au minimum un autre opérateur de plateforme de dématérialisation partenaire. Constitue un raccordement au sens du présent 1° les modalités d'interconnexion des opérateurs de plateformes reposant sur une convention d'interopérabilité bilatérale ou un protocole d'échange en réseau ; 2° En matière d'authentification, l'existence et le fonctionnement normal du dispositif mis en œuvre par l'opérateur de plateforme de dématérialisation partenaire pour vérifier l'identité et la qualité de l'utilisateur et sécuriser l'accès à ses services conformément à l'article 242 nonies F de l'annexe II au code général des impôts ; 3° En matière d'émission et de transmission de factures électroniques : a) De l'existence des moyens mis en œuvre par l'opérateur de plateforme de dématérialisation partenaire pour garantir la conformité des factures aux conditions prévues par le V de l'article 289 du code général des impôts, notamment en cas de conversion de la facture dans un des formats du socle minimum prévu au 1° du I de l'article 41 septies C, ainsi que leur bon fonctionnement ; b) De la capacité de l'opérateur de la plateforme à garantir le respect par l'assujetti au nom et pour le compte duquel elle agit des conditions fixées au VII de l'article 289 susmentionné, selon le cas : -contribuer à la documentation de la piste d'audit fiable pour ses utilisateurs ; -satisfaire aux exigences relatives à la transmission de factures assorties d'une signature électronique ; -tenir et conserver en matière d'échange de données informatisé, une liste récapitulative séquentielle de tous les messages émis et reçus et de leurs anomalies éventuelles, par utilisateur, et un fichier des partenaires avec lesquels elles échangent des factures électroniques ; c) De la correcte mise en œuvre des contrôles prévus à l'article 242 nonies K de l'annexe II au code général des impôts ; d) Du respect des formats requis au 1° du I de l'article 41 septies C ; e) Du recours par l'opérateur de plateforme de dématérialisation partenaire à un des protocoles de communication sécurisés mentionnés au II de l'article 41 septies I ; f) De l'existence et de la mise en œuvre effective des moyens permettant d'assurer l'adressage des factures électroniques ; g) De l'existence et de la mise en œuvre effective des moyens permettant la gestion des statuts de traitement obligatoires des factures électroniques ; 4° En matière de recueil par la plateforme de dématérialisation partenaire des données de transaction et de paiement mentionnées aux articles 242 nonies M et 242 nonies P de l'annexe II au code général des impôts : a) De la capacité effective de celle-ci à distinguer les données respectivement transmises au titre des articles 242 nonies J, 242 nonies M et 242 nonies P de l'annexe II au code général des impôts ; b) De la correcte mise en œuvre des contrôles prévus à l'article 242 nonies N de l'annexe II au code général des impôts et au II de l'article 242 nonies P de l'annexe II au même code ; c) De l'intégrité des données, en cas d'agrégation par numéro d'identification prévu par l'article R. 123-221 du code de commerce, ou équivalent, des données reçues d'un assujetti ; 5° En matière de transmission des données de facturation, de transaction et de paiement au portail public de facturation : a) De la fiabilité des traitements informatiques réalisés et de l'intégrité des données exigées, notamment en cas d'extraction ou conversion de données dans un format du socle minimal ; b) De la mise en œuvre effective et correcte des contrôles prévus aux articles 242 nonies K et 242 nonies N et au II de l'article 242 nonies P de l'annexe II au code général des impôts ; c) Du respect des formats de transmission requis ; d) Du respect des délais de transmission mentionnés au II de l'article 41 septies H et aux articles 41 septies M et 41 septies P ; 6° En matière de traitement et conservation de données, de leur stockage dans des conditions garantissant leur conservation technique et leur absence de corruption conformément au règlement (UE) 2016/679 du Parlement européen et du Conseil du 27 avril 2016 relatif à la protection des personnes physiques à l'égard du traitement des données à caractère personnel et à la libre circulation de ces données, et abrogeant la directive 95/46/ CE (règlement général sur la protection des données) ; 7° En matière de traçabilité, de l'existence de contrôles, de leur correcte mise en œuvre et de la conservation des preuves y afférents concernant : a) Les accès à la plateforme de dématérialisation partenaire ; b) L'utilisation de l'annuaire à seule fin d'adressage des factures électroniques et la conservation des extractions de l'annuaire pendant une durée limitée conforme au règlement (UE) 2016/679 précité ; c) Les processus de traitement des factures et des données de facturation, de transaction et de paiement. II.-L'audit de conformité porte sur la période suivante : 1° Pour l'obtention du numéro d'immatriculation prévue à l'article 242 nonies B de l'annexe II au code général des impôts, les six mois précédant la date d'engagement de l'audit ; 2° Pour le renouvellement du même numéro prévu à l'article 242 nonies C de l'annexe II du même code, les trois années précédant la date d'engagement de l'audit.",,
WEAKNEG_0094,article_neg_00241,Code général des impôts,239 sexies C,LEGIARTI000006304137,article_id::legiarti000006304137,low_clean_candidate_not_in_gold,"DISPOSITIONS APPLICABLES AUX CONTRATS CONCLUS JUSQU'AU 31 décembre 1995. Le prix de revient du bien acquis à l'échéance d'un contrat de crédit-bail est majoré des sommes réintégrées en application des articles 239 sexies et 239 sexies B. La fraction du prix qui excède, le cas échéant, le prix d'achat du terrain, par le bailleur, regardée comme le prix de revient des constructions, est amortie dans les conditions mentionnées au 2° du 1 de l'article 39. Lorsque le locataire acquéreur a acquis les droits attachés au contrat auprès d'un précédent locataire, le prix de revient des constructions et celui du terrain tels qu'ils sont définis au premier alinéa sont respectivement majorés de la fraction du prix d'acquisition des droits qui correspond à chacun de ces éléments. Un décret fixe les modalités d'application des dispositions du présent article ainsi que les obligations déclaratives. DISPOSITIONS APPLICABLES AUX CONTRATS CONCLUS A COMPTER DU 1er JANVIER 1996. Le prix de revient du bien acquis à l'échéance d'un contrat de crédit-bail est majoré des quotes-parts de loyers non déductibles en application des dispositions du 10 de l'article 39 et des sommes réintégrées en application des articles 239 sexies et 239 sexies B. La fraction du prix qui excède, le cas échéant, le prix d'achat du terrain par le bailleur, regardée comme le prix de revient des constructions, est amortie dans les conditions mentionnées au 2° du 1 de l'article 39. Toutefois, pour les immeubles visés au deuxième alinéa du 10 de l'article 39, le prix de revient des constructions est amorti sur la durée normale d'utilisation du bien restant à courir à cette date depuis son acquisition par le bailleur. Pour ces derniers immeubles, en cas de cession ultérieure, le délai de deux ans visé au b) du 2 de l'article 39 duodecies s'apprécie à compter de la date d'inscription du bien à l'actif du bailleur. Lorsque le locataire acquéreur a acquis les droits attachés au contrat auprès d'un précédent locataire, le prix de revient des constructions et celui du terrain tels qu'ils sont définis au premier alinéa sont respectivement majorés de la fraction du prix d'acquisition des droits qui correspond à chacun de ces éléments. Un décret fixe les modalités d'application des dispositions du présent article ainsi que les obligations déclaratives.",,
WEAKNEG_0095,article_neg_00419,Code général des impôts,1609 H,LEGIARTI000051764614,article_id::legiarti000051764614,low_clean_candidate_not_in_gold,"Modifications effectuées en conséquence de l'article 77-I-2° b de la loi n° 2022-1726 du 30 décembre 2022. Il est institué, au profit de l'établissement public local Société Grand Projet du Sud-Ouest créé à l'article 1er de l'ordonnance n° 2022-307 du 2 mars 2022 relative à la Société du Grand Projet du Sud-Ouest, une taxe spéciale d'équipement destinée à financer l'exercice, par cet organisme, de la mission définie au premier alinéa du II du même article 1er. Le produit de cette taxe est fixé à 30,04 millions d'euros par an. Ce montant est actualisé au 1er janvier de chaque année en fonction de la prévision de l'indice des prix à la consommation, hors tabac, retenue dans la loi de finances de l'année. Les valeurs sont arrondies, s'il y a lieu, à la dizaine de milliers d'euros supérieure. Le produit mentionné au deuxième alinéa est réparti entre toutes les personnes, physiques ou morales assujetties aux taxes foncières sur les propriétés bâties et non bâties, à la taxe d'habitation sur les résidences secondaires et à la cotisation foncière des entreprises dans les communes situées à moins de soixante minutes par véhicule automobile d'une gare desservie par la future ligne à grande vitesse, proportionnellement aux recettes que chacune de ces taxes a procurées l'année précédente à ces communes et à leurs établissements publics de coopération intercommunale. Les recettes à prendre en compte pour opérer cette répartition s'entendent de celles figurant dans les rôles généraux. Pour l'application du troisième alinéa, le point d'arrivée à retenir est la mairie de la commune. Les données utilisées sont celles qui sont disponibles la première année au titre de laquelle la taxe est instituée, établies par l'Institut national de l'information géographique et forestière et mises à la disposition du public via le site internet Géoportail. La liste des communes concernées est établie par arrêté conjoint des ministres chargés du budget et des transports. Les recettes de taxe d'habitation sur les résidences secondaires à prendre en compte pour opérer cette répartition sont minorées du produit que la majoration mentionnée à l'article 1407 ter a procuré au titre de l'année précédente à l'ensemble des communes listées dans l'arrêté prévu au sixième alinéa du présent article. La taxe est établie et recouvrée selon les règles définies aux septième à avant-dernier alinéas de l'article 1607 bis.",,
WEAKNEG_0096,article_neg_00247,Code général des impôts,1609 tricies,LEGIARTI000048651382,article_id::legiarti000048651382,low_clean_candidate_not_in_gold,"Conformément à l'article 43 de l'ordonnance n° 2023-1210 du 20 décembre 2023, ces dispositions entrent en vigueur le 1er janvier 2024 et sont applicables aux impositions pour lesquelles le fait générateur intervient à compter de cette date. Il est institué, pour les paris sportifs, un prélèvement assis sur le produit brut des jeux, constitué par la différence entre les sommes misées par les joueurs et les sommes versées ou à reverser aux gagnants. Les sommes engagées par les joueurs à compter du 1er janvier 2020 sont définies comme des sommes misées à compter de la date de réalisation du ou des événements sur lesquels repose le jeu. Les sommes versées ou à reverser aux gagnants sont constituées de l'ensemble des gains en numéraire ou en nature versés ou à reverser aux joueurs à compter de la date de réalisation du ou des événements sur lesquels repose le jeu, y compris les gains résultant de sommes apportées par l'opérateur, à condition que le joueur puisse en demander le versement en numéraire ou sur son compte de paiement. Pour le calcul du prélèvement, le montant du produit brut des jeux est multiplié par le rapport entre, d'une part, le montant des mises effectuées sur le jeu en France métropolitaine et dans les départements d'outre-mer et, d'autre part, le montant total des mises effectuées sur le jeu. Ce prélèvement est dû par la personne morale chargée de l'exploitation des jeux de paris sportifs commercialisés en réseau physique de distribution mentionnée au I de l'article 137 de la loi n° 2019-486 du 22 mai 2019 relative à la croissance et la transformation des entreprises et par les personnes devant être soumises, en tant qu'opérateur de paris sportifs en ligne, à l'agrément mentionné à l'article 21 de la loi n° 2010-476 du 12 mai 2010 relative à l'ouverture à la concurrence et à la régulation du secteur des jeux d'argent et de hasard. Le taux de ce prélèvement est fixé à 6,6 % du produit des jeux pour les paris sportifs commercialisés en réseau physique de distribution et à 10,6 % pour les paris sportifs en ligne. L'affectation du prélèvement est déterminée par le 2° de l'article L. 112-11-1 du code du sport. L'exigibilité du prélèvement est constituée par la réalisation du ou des événements sur lesquels repose le jeu.",,
WEAKNEG_0097,article_neg_00118,Code de commerce,R663-3,LEGIARTI000041604035,article_id::legiarti000041604035,low_clean_candidate_not_in_gold,"I.-Les émoluments de l'administrateur judiciaire sont, pour l'accomplissement des diligences résultant de l'application des titres II à IV du livre VI de la partie législative du présent code, soumises aux règles prévues par les articles suivants. II.-Pour l'application de la présente section : a) Le montant du chiffre d'affaires est défini hors taxes conformément aux dispositions du sixième alinéa de l'article D. 123-200. Il est apprécié à la date de clôture du dernier exercice comptable. Pour l'application des articles R. 663-5 à R. 663-8 et R. 663-28, le chiffre d'affaires est celui réalisé pendant la période d'observation ou de maintien de l'activité. Lorsque le débiteur est une personne morale de droit privé non commerçante, la référence au chiffre d'affaires est, le cas échéant, remplacée par la référence aux ressources hors taxes ou produits hors taxes ; b) Le total du bilan est défini conformément aux dispositions du cinquième alinéa de l'article D. 123-200 et apprécié à la date de clôture du dernier exercice comptable ; c) Le nombre des salariés est celui des salariés employés par le débiteur à la date de la demande d'ouverture de la procédure, déterminé conformément aux dispositions du 4° de l'article R. 621-1.",,
WEAKNEG_0098,article_neg_00063,Code de commerce,L123-16,LEGIARTI000038611029,article_id::legiarti000038611029,low_clean_candidate_not_in_gold,"Conformément au IV de l'article 47 de la loi n° 2019-486 du 22 mai 2019, ces dispositions s'appliquent aux comptes afférents aux exercices clos à compter de la publication de la présente loi. Les petites entreprises peuvent, dans des conditions fixées par un règlement de l'Autorité des normes comptables, adopter une présentation simplifiée de leurs comptes annuels. Les moyennes entreprises peuvent, dans des conditions fixées par un règlement de l'Autorité des normes comptables, adopter une présentation simplifiée de leur compte de résultat. Sont des petites entreprises au sens du présent article les commerçants, personnes physiques ou personnes morales, pour lesquels, au titre du dernier exercice comptable clos et sur une base annuelle, deux des trois seuils suivants, dont le niveau et les modalités de calcul sont fixés par décret, ne sont pas dépassés : le total du bilan, le montant net du chiffre d'affaires ou le nombre moyen de salariés employés au cours de l'exercice. Sont des moyennes entreprises au sens du présent article les commerçants, personnes physiques ou personnes morales, pour lesquels, au titre du dernier exercice comptable clos et sur une base annuelle, deux des trois seuils suivants, dont le niveau et les modalités de calcul sont fixés par décret, ne sont pas dépassés : le total du bilan, le montant net du chiffre d'affaires ou le nombre moyen de salariés employés au cours de l'exercice. Lorsqu'une entreprise dépasse ou cesse de dépasser deux de ces trois seuils, cette circonstance n'a d'incidence que si elle se produit pendant deux exercices consécutifs.",,
WEAKNEG_0099,article_neg_00321,Code général des impôts,1790,LEGIARTI000037993370,article_id::legiarti000037993370,low_clean_candidate_not_in_gold,"Conformément aux dispositions du VI de l'article 193 de la loi n° 2018-1317 du 28 décembre 2018, les dispositions de l'article 1790 telles qu'elles résultent du 10° du II dudit article entrent en vigueur le 1er janvier 2020. Conformément au b du 3° du III de l'article 181 de la loi n° 2019-1479 du 29 décembre 2019, l'article 1790, dans sa rédaction résultant du 10° du II de l'article 193 de la loi n° 2018-1317 du 28 décembre 2018, entre en vigueur le 1er janvier 2021. Il est applicable aux opérations pour lesquelles l'exigibilité de la taxe sur la valeur ajoutée intervient à compter de cette même date. Les sanctions relatives aux infractions commises en matière de taxes recouvrées et contrôlées selon les mêmes procédures et sous les mêmes sanctions, garanties, sûretés et privilèges que les droits de douanes sont définies par le code des douanes.",,
WEAKNEG_0100,article_neg_00234,Code général des impôts,196,LEGIARTI000006303122,article_id::legiarti000006303122,low_clean_candidate_not_in_gold,"(1) Ces dispositions s'appliquent pour l'imposition des revenus des années 2003 et suivantes. Sont considérés comme étant à la charge du contribuable, que celle-ci soit exclusive, principale ou réputée également partagée entre les parents, à la condition de n'avoir pas de revenus distincts de ceux qui servent de base à l'imposition de ce dernier : 1° Ses enfants âgés de moins de 18 ans ou infirmes ; 2° Sous les mêmes conditions, les enfants qu'il a recueillis à son propre foyer (1).",,
